book_id	language	TF_language_val
283	en-us	1.0
282	eng	1.0
43	eng	1.0
8	eng	1.0
289	eng	1.0
561	en-us	1.0
89	en-us	1.0
371	eng	1.0
633	en-ca	1.0
1179	eng	1.0
492	en-us	1.0
760	eng	1.0
838	eng	1.0
1213	eng	1.0
474	eng	1.0
1368	en-gb	1.0
429	eng	1.0
894	eng	1.0
1342	eng	1.0
1337	eng	1.0
1343	en-us	1.0
755	eng	1.0
1089	eng	1.0
168	en-us	1.0
72	eng	1.0
176	en-us	1.0
243	en-gb	1.0
305	eng	1.0
349	en-gb	1.0
691	eng	1.0
1261	eng	1.0
1248	en-us	1.0
915	spa	1.0
609	en-us	1.0
191	en-us	1.0
196	eng	1.0
951	en-us	1.0
1389	eng	1.0
854	eng	1.0
1236	eng	1.0
743	en-us	1.0
1153	en-us	1.0
130	eng	1.0
401	en-us	1.0
395	eng	1.0
1202	eng	1.0
637	en-us	1.0
1074	en-gb	1.0
350	eng	1.0
170	en-gb	1.0
145	eng	1.0
276	eng	1.0
789	eng	1.0
503	eng	1.0
1019	en-us	1.0
897	eng	1.0
95	eng	1.0
126	eng	1.0
1105	eng	1.0
1262	eng	1.0
929	eng	1.0
28	eng	1.0
666	eng	1.0
322	eng	1.0
167	eng	1.0
1367	eng	1.0
1010	en-us	1.0
499	eng	1.0
670	en-us	1.0
556	spa	1.0
1139	eng	1.0
1042	en-us	1.0
337	eng	1.0
129	eng	1.0
696	eng	1.0
365	eng	1.0
32	eng	1.0
301	eng	1.0
173	eng	1.0
205	eng	1.0
390	eng	1.0
410	en-us	1.0
142	eng	1.0
103	eng	1.0
33	eng	1.0
14	eng	1.0
58	eng	1.0
65	eng	1.0
22	eng	1.0
60	eng	1.0
115	en-us	1.0
57	en-us	1.0
9	en-ca	1.0
38	eng	1.0
29	eng	1.0
100	eng	1.0
67	eng	1.0
35	eng	1.0
40	eng	1.0
119	eng	1.0
122	eng	1.0
121	eng	1.0
94	eng	1.0
495	eng	1.0
42	en-us	1.0
287	eng	1.0
669	en-us	1.0
736	eng	1.0
642	eng	1.0
212	eng	1.0
10	eng	1.0
230	eng	1.0
171	eng	1.0
76	eng	1.0
426	eng	1.0
1142	eng	1.0
26	eng	1.0
11	eng	1.0
50	eng	1.0
101	eng	1.0
7	en-us	1.0
55	eng	1.0
344	en-us	1.0
19	eng	1.0
378	en-us	1.0
405	eng	1.0
225	eng	1.0
326	eng	1.0
238	en-us	1.0
1102	eng	1.0
64	eng	1.0
328	eng	1.0
306	en-us	1.0
325	eng	1.0
476	eng	1.0
704	eng	1.0
133	eng	1.0
1210	en-us	1.0
1112	eng	1.0
70	eng	1.0
693	eng	1.0
278	eng	1.0
1167	eng	1.0
48	spa	1.0
113	en-us	1.0
398	eng	1.0
209	eng	1.0
4	eng	1.0
919	eng	1.0
828	eng	1.0
84	spa	1.0
184	eng	1.0
37	eng	1.0
1299	eng	1.0
373	eng	1.0
599	eng	1.0
751	eng	1.0
1014	eng	1.0
54	en-us	1.0
1332	en-us	1.0
766	eng	1.0
104	eng	1.0
62	eng	1.0
271	en-us	1.0
297	eng	1.0
682	eng	1.0
79	eng	1.0
1222	en-us	1.0
77	eng	1.0
264	en-us	1.0
335	eng	1.0
158	eng	1.0
529	eng	1.0
646	eng	1.0
138	eng	1.0
374	en-us	1.0
316	eng	1.0
368	eng	1.0
480	eng	1.0
1294	eng	1.0
481	eng	1.0
1071	en-us	1.0
510	en-us	1.0
1249	eng	1.0
1278	en-us	1.0
330	eng	1.0
528	eng	1.0
1119	eng	1.0
949	en-us	1.0
722	en-us	1.0
795	en-us	1.0
887	eng	1.0
179	eng	1.0
63	eng	1.0
431	eng	1.0
109	eng	1.0
131	eng	1.0
792	eng	1.0
1283	en-us	1.0
239	en-us	1.0
234	eng	1.0
1324	en-us	1.0
52	en-us	1.0
49	eng	1.0
3	en-us	1.0
591	eng	1.0
74	eng	1.0
275	eng	1.0
117	en-us	1.0
386	en-ca	1.0
68	eng	1.0
425	eng	1.0
1196	eng	1.0
621	eng	1.0
369	eng	1.0
120	eng	1.0
53	en-us	1.0
219	eng	1.0
586	eng	1.0
245	eng	1.0
354	eng	1.0
155	en-us	1.0
161	en-us	1.0
39	eng	1.0
135	eng	1.0
620	eng	1.0
110	eng	1.0
345	en-us	1.0
165	en-us	1.0
223	eng	1.0
15	eng	1.0
87	eng	1.0
688	eng	1.0
114	eng	1.0
154	eng	1.0
71	eng	1.0
150	en-us	1.0
66	eng	1.0
531	en-us	1.0
984	eng	1.0
341	eng	1.0
200	eng	1.0
501	eng	1.0
857	eng	1.0
671	eng	1.0
85	eng	1.0
102	eng	1.0
157	en-us	1.0
59	eng	1.0
251	eng	1.0
93	eng	1.0
296	eng	1.0
793	eng	1.0
540	eng	1.0
544	eng	1.0
490	eng	1.0
90	en-us	1.0
856	eng	1.0
137	eng	1.0
554	eng	1.0
1315	eng	1.0
186	eng	1.0
772	eng	1.0
819	eng	1.0
898	eng	1.0
356	eng	1.0
999	eng	1.0
905	eng	1.0
346	eng	1.0
463	eng	1.0
1171	en-us	1.0
712	eng	1.0
357	en-us	1.0
116	eng	1.0
1005	en-us	1.0
317	en-us	1.0
604	eng	1.0
347	eng	1.0
353	eng	1.0
387	eng	1.0
934	eng	1.0
714	eng	1.0
855	eng	1.0
715	eng	1.0
456	eng	1.0
136	en-us	1.0
1095	eng	1.0
868	eng	1.0
178	en-us	1.0
372	eng	1.0
361	eng	1.0
815	eng	1.0
461	eng	1.0
593	en-us	1.0
107	en-us	1.0
44	eng	1.0
616	eng	1.0
331	en-us	1.0
1381	en-us	1.0
1117	eng	1.0
1083	eng	1.0
248	eng	1.0
233	eng	1.0
160	eng	1.0
675	eng	1.0
1123	eng	1.0
944	eng	1.0
488	eng	1.0
739	eng	1.0
232	en-us	1.0
911	eng	1.0
1288	eng	1.0
818	fre	1.0
806	eng	1.0
578	fre	1.0
1053	eng	1.0
967	eng	1.0
725	eng	1.0
953	en-us	1.0
612	eng	1.0
865	en-gb	1.0
936	eng	1.0
703	en-us	1.0
1075	fre	1.0
1360	en-us	1.0
1208	en-gb	1.0
705	en-gb	1.0
46	eng	1.0
611	eng	1.0
1176	en-us	1.0
768	eng	1.0
650	eng	1.0
730	eng	1.0
1161	eng	1.0
505	eng	1.0
786	en-us	1.0
569	eng	1.0
1351	en-us	1.0
1260	eng	1.0
83	eng	1.0
660	eng	1.0
575	en-us	1.0
1296	eng	1.0
332	eng	1.0
602	eng	1.0
542	eng	1.0
292	eng	1.0
25	eng	1.0
27	eng	1.0
24	eng	1.0
18	eng	1.0
21	eng	1.0
23	eng	1.0
2	eng	1.0
1218	eng	1.0
453	en-us	1.0
310	en-us	1.0
530	eng	1.0
156	eng	1.0
455	en-us	1.0
647	en-us	1.0
864	eng	1.0
1026	eng	1.0
411	eng	1.0
228	eng	1.0
78	eng	1.0
207	en-us	1.0
1067	en-us	1.0
912	eng	1.0
996	en-us	1.0
1232	en-us	1.0
1267	eng	1.0
1226	en-us	1.0
1151	eng	1.0
1390	en-us	1.0
1365	eng	1.0
381	en-us	1.0
625	en-us	1.0
727	eng	1.0
148	eng	1.0
118	eng	1.0
694	en-us	1.0
851	eng	1.0
268	eng	1.0
570	eng	1.0
5	eng	1.0
80	eng	1.0
559	eng	1.0
180	eng	1.0
1094	eng	1.0
177	eng	1.0
265	eng	1.0
13	eng	1.0
916	eng	1.0
472	eng	1.0
899	eng	1.0
829	eng	1.0
272	en-us	1.0
883	eng	1.0
189	eng	1.0
125	eng	1.0
860	eng	1.0
888	eng	1.0
1287	eng	1.0
641	eng	1.0
1061	en-us	1.0
388	en-us	1.0
36	eng	1.0
622	eng	1.0
508	eng	1.0
174	eng	1.0
231	eng	1.0
81	eng	1.0
256	en-us	1.0
47	eng	1.0
199	eng	1.0
1175	en-us	1.0
263	eng	1.0
241	eng	1.0
457	eng	1.0
523	en-us	1.0
687	eng	1.0
82	eng	1.0
383	en-ca	1.0
236	en-us	1.0
213	eng	1.0
1329	eng	1.0
308	en-us	1.0
560	eng	1.0
1393	eng	1.0
97	eng	1.0
961	eng	1.0
1035	eng	1.0
701	en-us	1.0
1041	eng	1.0
162	eng	1.0
718	eng	1.0
1224	en-us	1.0
304	eng	1.0
229	eng	1.0
222	eng	1.0
448	en-us	1.0
1319	eng	1.0
478	eng	1.0
1113	eng	1.0
538	eng	1.0
590	eng	1.0
479	eng	1.0
1316	eng	1.0
56	en-us	1.0
1149	en-us	1.0
399	en-us	1.0
927	eng	1.0
273	eng	1.0
1238	eng	1.0
197	en-us	1.0
527	eng	1.0
563	en-gb	1.0
558	eng	1.0
631	eng	1.0
652	en-us	1.0
624	eng	1.0
724	eng	1.0
707	eng	1.0
255	eng	1.0
417	eng	1.0
903	eng	1.0
959	eng	1.0
780	en-us	1.0
879	eng	1.0
681	eng	1.0
595	en-us	1.0
416	en-us	1.0
123	eng	1.0
1255	eng	1.0
626	en-us	1.0
108	eng	1.0
955	en-us	1.0
1063	eng	1.0
509	eng	1.0
834	eng	1.0
467	eng	1.0
867	eng	1.0
473	eng	1.0
1310	eng	1.0
1239	eng	1.0
943	eng	1.0
534	en-us	1.0
662	eng	1.0
92	en-us	1.0
848	en-us	1.0
111	eng	1.0
266	eng	1.0
242	eng	1.0
217	eng	1.0
364	eng	1.0
270	en-us	1.0
577	eng	1.0
323	eng	1.0
733	eng	1.0
471	eng	1.0
451	eng	1.0
778	eng	1.0
375	eng	1.0
937	eng	1.0
663	eng	1.0
922	eng	1.0
1039	eng	1.0
485	eng	1.0
592	eng	1.0
925	eng	1.0
172	eng	1.0
516	eng	1.0
515	eng	1.0
782	eng	1.0
770	eng	1.0
576	eng	1.0
773	en-us	1.0
997	eng	1.0
518	en-us	1.0
181	eng	1.0
497	eng	1.0
826	eng	1.0
1084	eng	1.0
639	eng	1.0
1184	en-us	1.0
545	eng	1.0
1015	eng	1.0
424	en-us	1.0
391	eng	1.0
820	eng	1.0
1373	eng	1.0
679	en-gb	1.0
496	eng	1.0
194	eng	1.0
1073	eng	1.0
1178	eng	1.0
512	en-us	1.0
514	eng	1.0
468	eng	1.0
1186	eng	1.0
1135	eng	1.0
824	eng	1.0
614	eng	1.0
1364	eng	1.0
358	en-us	1.0
872	en-us	1.0
1108	eng	1.0
1348	eng	1.0
489	eng	1.0
672	eng	1.0
444	eng	1.0
446	eng	1.0
400	eng	1.0
606	en-us	1.0
360	eng	1.0
546	eng	1.0
1160	eng	1.0
994	eng	1.0
1322	eng	1.0
877	eng	1.0
765	eng	1.0
895	eng	1.0
1272	en-us	1.0
1144	en-us	1.0
1378	eng	1.0
1145	eng	1.0
1031	eng	1.0
198	eng	1.0
261	eng	1.0
941	en-us	1.0
1088	eng	1.0
1235	eng	1.0
430	en-us	1.0
948	eng	1.0
901	eng	1.0
885	eng	1.0
1317	eng	1.0
300	eng	1.0
661	en-ca	1.0
1158	eng	1.0
397	eng	1.0
982	eng	1.0
840	eng	1.0
1087	en-us	1.0
274	eng	1.0
1311	eng	1.0
443	en-us	1.0
519	eng	1.0
73	en-us	1.0
187	eng	1.0
615	eng	1.0
781	eng	1.0
541	en-us	1.0
367	eng	1.0
336	en-us	1.0
1379	eng	1.0
674	eng	1.0
1265	eng	1.0
293	eng	1.0
597	eng	1.0
420	en-us	1.0
784	en-us	1.0
500	eng	1.0
690	en-us	1.0
329	eng	1.0
486	eng	1.0
1020	en-us	1.0
608	en-gb	1.0
454	en-us	1.0
579	eng	1.0
549	en-us	1.0
728	eng	1.0
627	en-gb	1.0
873	eng	1.0
1033	eng	1.0
1225	eng	1.0
1163	en-us	1.0
1289	eng	1.0
1233	eng	1.0
284	eng	1.0
427	eng	1.0
1217	eng	1.0
436	eng	1.0
653	en-us	1.0
513	en-us	1.0
311	eng	1.0
587	eng	1.0
408	eng	1.0
817	eng	1.0
769	eng	1.0
731	en-us	1.0
195	eng	1.0
594	eng	1.0
767	en-us	1.0
700	en-us	1.0
1079	en-us	1.0
832	en-us	1.0
1032	eng	1.0
31	eng	1.0
447	eng	1.0
312	en-us	1.0
1052	eng	1.0
16	eng	1.0
709	eng	1.0
258	eng	1.0
520	eng	1.0
407	eng	1.0
550	eng	1.0
1205	eng	1.0
1282	eng	1.0
908	eng	1.0
1101	en-us	1.0
572	eng	1.0
484	eng	1.0
777	en-us	1.0
193	en-us	1.0
366	eng	1.0
498	eng	1.0
1011	eng	1.0
247	en-us	1.0
658	eng	1.0
779	eng	1.0
483	en-us	1.0
935	eng	1.0
734	en-us	1.0
902	eng	1.0
757	en-us	1.0
362	eng	1.0
557	eng	1.0
1214	eng	1.0
1055	eng	1.0
298	eng	1.0
839	eng	1.0
664	eng	1.0
763	eng	1.0
1253	en-us	1.0
809	eng	1.0
1266	eng	1.0
1327	eng	1.0
402	en-gb	1.0
98	eng	1.0
974	eng	1.0
494	eng	1.0
86	eng	1.0
635	eng	1.0
896	eng	1.0
708	eng	1.0
422	eng	1.0
1121	eng	1.0
1090	eng	1.0
1312	eng	1.0
1250	en-us	1.0
748	eng	1.0
1231	en-us	1.0
227	eng	1.0
651	eng	1.0
1223	eng	1.0
432	eng	1.0
930	eng	1.0
249	en-us	1.0
584	eng	1.0
764	eng	1.0
17	eng	1.0
998	eng	1.0
1380	en-gb	1.0
380	eng	1.0
1384	eng	1.0
182	eng	1.0
762	eng	1.0
1064	eng	1.0
1038	eng	1.0
1237	eng	1.0
723	eng	1.0
169	en-gb	1.0
41	eng	1.0
1216	en-us	1.0
396	eng	1.0
1100	en-us	1.0
1	eng	1.0
127	eng	1.0
314	en-us	1.0
175	eng	1.0
1391	eng	1.0
214	eng	1.0
1290	eng	1.0
377	eng	1.0
964	eng	1.0
151	eng	1.0
1155	en-us	1.0
618	eng	1.0
1258	eng	1.0
469	eng	1.0
1298	en-us	1.0
918	eng	1.0
1137	eng	1.0
1199	eng	1.0
1172	eng	1.0
1131	eng	1.0
281	eng	1.0
601	eng	1.0
51	eng	1.0
246	en-us	1.0
153	eng	1.0
134	en-us	1.0
449	en-us	1.0
643	en-us	1.0
491	en-us	1.0
783	eng	1.0
981	en-us	1.0
814	eng	1.0
159	eng	1.0
568	eng	1.0
216	eng	1.0
1120	eng	1.0
1211	en-us	1.0
863	en-us	1.0
853	eng	1.0
441	eng	1.0
1003	eng	1.0
343	eng	1.0
833	eng	1.0
1037	eng	1.0
1388	eng	1.0
596	eng	1.0
1301	eng	1.0
975	en-gb	1.0
923	eng	1.0
1048	en-us	1.0
866	eng	1.0
706	eng	1.0
699	eng	1.0
972	eng	1.0
526	eng	1.0
1247	eng	1.0
450	en-us	1.0
891	eng	1.0
1034	eng	1.0
1127	eng	1.0
1228	eng	1.0
1340	eng	1.0
1304	eng	1.0
1363	eng	1.0
808	eng	1.0
1060	en-us	1.0
719	eng	1.0
442	eng	1.0
1111	eng	1.0
254	eng	1.0
208	eng	1.0
221	eng	1.0
761	eng	1.0
547	eng	1.0
758	eng	1.0
211	en-us	1.0
574	eng	1.0
1091	nl	1.0
1339	en-us	1.0
800	eng	1.0
933	en-us	1.0
969	en-us	1.0
493	eng	1.0
628	eng	1.0
785	eng	1.0
871	en-us	1.0
657	eng	1.0
414	en-us	1.0
1021	en-us	1.0
315	eng	1.0
403	eng	1.0
201	eng	1.0
291	eng	1.0
140	en-us	1.0
1068	en-us	1.0
1051	eng	1.0
1159	en-gb	1.0
1300	en-us	1.0
1275	eng	1.0
20	eng	1.0
355	en-ca	1.0
804	en-us	1.0
1204	eng	1.0
511	eng	1.0
665	eng	1.0
729	eng	1.0
881	en-us	1.0
1392	en-us	1.0
1154	en-us	1.0
1280	eng	1.0
869	eng	1.0
654	en-us	1.0
598	eng	1.0
389	eng	1.0
875	en-us	1.0
202	en-us	1.0
394	en-us	1.0
384	eng	1.0
152	en-us	1.0
1136	en-us	1.0
754	eng	1.0
333	eng	1.0
1150	eng	1.0
1099	eng	1.0
260	eng	1.0
846	eng	1.0
412	en-us	1.0
1106	en-us	1.0
1314	eng	1.0
440	eng	1.0
1181	eng	1.0
823	en-us	1.0
1269	eng	1.0
791	en-us	1.0
1050	eng	1.0
801	eng	1.0
224	en-us	1.0
338	eng	1.0
906	eng	1.0
144	eng	1.0
91	eng	1.0
269	en-us	1.0
1007	en-gb	1.0
692	en-us	1.0
183	eng	1.0
571	en-us	1.0
552	en-us	1.0
645	eng	1.0
507	eng	1.0
726	en-us	1.0
340	en-us	1.0
847	en-us	1.0
638	eng	1.0
124	eng	1.0
303	eng	1.0
680	eng	1.0
613	en-gb	1.0
1303	en-us	1.0
1234	en-us	1.0
744	eng	1.0
573	en-us	1.0
106	eng	1.0
1128	eng	1.0
1070	eng	1.0
1018	eng	1.0
1286	eng	1.0
1049	eng	1.0
286	en-us	1.0
439	eng	1.0
1318	en-us	1.0
788	fre	1.0
1024	eng	1.0
1361	eng	1.0
697	eng	1.0
188	eng	1.0
1207	eng	1.0
588	en-us	1.0
1138	eng	1.0
477	eng	1.0
1016	en-gb	1.0
1358	eng	1.0
521	eng	1.0
139	en-us	1.0
659	eng	1.0
1309	en-gb	1.0
185	eng	1.0
12	eng	1.0
379	eng	1.0
802	en-us	1.0
710	eng	1.0
309	en-us	1.0
351	eng	1.0
1132	eng	1.0
1259	en-us	1.0
909	eng	1.0
434	en-us	1.0
685	eng	1.0
147	eng	1.0
88	en-us	1.0
1244	eng	1.0
415	en-us	1.0
1382	en-gb	1.0
192	eng	1.0
1273	en-us	1.0
775	en-us	1.0
406	en-us	1.0
1325	eng	1.0
900	eng	1.0
1256	en-gb	1.0
914	eng	1.0
280	eng	1.0
1302	eng	1.0
475	en-us	1.0
166	eng	1.0
1279	eng	1.0
435	eng	1.0
382	eng	1.0
849	eng	1.0
1066	en-us	1.0
844	eng	1.0
876	en-ca	1.0
968	eng	1.0
1369	eng	1.0
882	en-us	1.0
1059	eng	1.0
1193	en-us	1.0
543	eng	1.0
419	en-us	1.0
686	en-us	1.0
683	eng	1.0
716	en-us	1.0
1215	eng	1.0
952	eng	1.0
1386	eng	1.0
825	eng	1.0
1305	en-us	1.0
797	eng	1.0
1025	en-us	1.0
163	eng	1.0
392	en-us	1.0
1323	eng	1.0
421	eng	1.0
482	en-ca	1.0
295	eng	1.0
1058	eng	1.0
648	en-us	1.0
1201	eng	1.0
294	eng	1.0
821	en-us	1.0
220	en-us	1.0
128	eng	1.0
445	en-ca	1.0
924	eng	1.0
1030	eng	1.0
1334	eng	1.0
1338	eng	1.0
1344	eng	1.0
6	eng	1.0
363	en-us	1.0
957	en-us	1.0
600	eng	1.0
149	en-us	1.0
517	eng	1.0
1004	en-us	1.0
995	eng	1.0
656	en-us	1.0
1191	eng	1.0
1354	eng	1.0
649	eng	1.0
732	eng	1.0
1189	eng	1.0
1168	eng	1.0
1206	eng	1.0
989	eng	1.0
1096	eng	1.0
1156	en-us	1.0
1008	eng	1.0
370	eng	1.0
759	en-us	1.0
1229	en-us	1.0
548	en-us	1.0
428	eng	1.0
1335	eng	1.0
562	eng	1.0
1114	eng	1.0
737	en-us	1.0
822	eng	1.0
907	eng	1.0
632	en-us	1.0
1056	eng	1.0
1148	eng	1.0
1359	eng	1.0
404	eng	1.0
466	eng	1.0
1270	eng	1.0
69	eng	1.0
290	eng	1.0
34	eng	1.0
327	eng	1.0
1313	eng	1.0
1069	en-us	1.0
619	eng	1.0
747	en-us	1.0
99	eng	1.0
96	eng	1.0
629	eng	1.0
677	eng	1.0
634	eng	1.0
1072	en-us	1.0
1115	en-us	1.0
1293	en-us	1.0
735	eng	1.0
880	en-us	1.0
805	eng	1.0
1227	eng	1.0
1093	en-us	1.0
418	eng	1.0
711	eng	1.0
1140	eng	1.0
1077	eng	1.0
1141	en-us	1.0
1188	eng	1.0
1197	eng	1.0
1164	eng	1.0
218	eng	1.0
904	eng	1.0
1036	eng	1.0
962	eng	1.0
203	eng	1.0
1292	eng	1.0
589	en-ca	1.0
644	eng	1.0
1246	eng	1.0
433	eng	1.0
1209	eng	1.0
960	eng	1.0
1200	eng	1.0
746	eng	1.0
1254	eng	1.0
30	eng	1.0
342	eng	1.0
535	eng	1.0
1297	eng	1.0
302	eng	1.0
689	eng	1.0
932	eng	1.0
1157	en-us	1.0
582	eng	1.0
1086	eng	1.0
956	en-us	1.0
1190	eng	1.0
980	eng	1.0
307	eng	1.0
313	eng	1.0
978	eng	1.0
190	eng	1.0
385	eng	1.0
771	eng	1.0
522	eng	1.0
917	eng	1.0
250	eng	1.0
1333	eng	1.0
320	eng	1.0
1047	eng	1.0
502	en-gb	1.0
112	eng	1.0
947	en-us	1.0
244	en-us	1.0
226	eng	1.0
551	eng	1.0
1374	eng	1.0
164	eng	1.0
910	eng	1.0
749	eng	1.0
698	en-us	1.0
277	eng	1.0
146	eng	1.0
452	eng	1.0
1009	eng	1.0
1006	eng	1.0
954	en-us	1.0
1109	en-us	1.0
1000	eng	1.0
928	eng	1.0
1356	eng	1.0
567	eng	1.0
837	eng	1.0
756	eng	1.0
252	eng	1.0
240	eng	1.0
684	eng	1.0
655	eng	1.0
603	eng	1.0
973	eng	1.0
253	en-us	1.0
1195	eng	1.0
816	eng	1.0
235	eng	1.0
359	eng	1.0
993	eng	1.0
794	eng	1.0
892	eng	1.0
1170	eng	1.0
630	eng	1.0
878	en-gb	1.0
105	eng	1.0
1263	eng	1.0
745	eng	1.0
1081	eng	1.0
1182	eng	1.0
1346	eng	1.0
1230	eng	1.0
1242	eng	1.0
1281	eng	1.0
1152	eng	1.0
1330	eng	1.0
1350	en-us	1.0
319	eng	1.0
673	eng	1.0
1169	eng	1.0
1092	eng	1.0
870	eng	1.0
318	eng	1.0
470	eng	1.0
991	eng	1.0
803	eng	1.0
810	eng	1.0
460	eng	1.0
607	eng	1.0
1268	en-us	1.0
884	eng	1.0
970	eng	1.0
678	eng	1.0
285	eng	1.0
1040	eng	1.0
813	eng	1.0
713	eng	1.0
581	eng	1.0
1002	eng	1.0
1045	eng	1.0
850	eng	1.0
702	en-gb	1.0
807	eng	1.0
1328	eng	1.0
348	eng	1.0
537	eng	1.0
1331	eng	1.0
1017	eng	1.0
437	en-us	1.0
610	eng	1.0
1385	eng	1.0
259	eng	1.0
376	eng	1.0
946	eng	1.0
1243	eng	1.0
988	en-us	1.0
1027	eng	1.0
1192	eng	1.0
987	eng	1.0
564	en-us	1.0
141	eng	1.0
1347	en-us	1.0
458	eng	1.0
1212	eng	1.0
695	eng	1.0
979	eng	1.0
623	eng	1.0
668	eng	1.0
836	eng	1.0
532	eng	1.0
393	eng	1.0
1241	eng	1.0
931	eng	1.0
585	eng	1.0
720	eng	1.0
874	eng	1.0
942	eng	1.0
811	eng	1.0
1349	eng	1.0
858	eng	1.0
1082	eng	1.0
352	eng	1.0
61	eng	1.0
990	eng	1.0
1029	eng	1.0
921	eng	1.0
920	eng	1.0
830	en-us	1.0
841	eng	1.0
334	eng	1.0
1371	en-us	1.0
938	en-us	1.0
539	eng	1.0
1165	eng	1.0
1285	eng	1.0
536	eng	1.0
859	en-us	1.0
267	eng	1.0
827	eng	1.0
965	eng	1.0
1129	eng	1.0
1162	en-us	1.0
206	en-us	1.0
1143	eng	1.0
617	eng	1.0
1062	eng	1.0
423	eng	1.0
506	eng	1.0
774	eng	1.0
886	eng	1.0
1044	eng	1.0
926	eng	1.0
566	eng	1.0
533	eng	1.0
1307	eng	1.0
1252	en-us	1.0
583	eng	1.0
842	eng	1.0
262	eng	1.0
1130	eng	1.0
1022	eng	1.0
950	eng	1.0
1220	eng	1.0
1065	eng	1.0
1187	eng	1.0
1341	eng	1.0
1326	eng	1.0
812	eng	1.0
1028	eng	1.0
862	eng	1.0
459	eng	1.0
1306	eng	1.0
438	eng	1.0
279	eng	1.0
1174	eng	1.0
1345	eng	1.0
1076	eng	1.0
940	eng	1.0
752	en-ca	1.0
1264	eng	1.0
889	eng	1.0
1291	eng	1.0
861	eng	1.0
1134	eng	1.0
676	eng	1.0
1104	en-gb	1.0
8249	eng	1.0
6318	en-us	1.0
3937	en-us	1.0
8049	eng	1.0
8766	eng	1.0
4613	eng	1.0
6611	eng	1.0
2806	eng	1.0
4700	eng	1.0
1642	eng	1.0
1657	en-us	1.0
1856	en-us	1.0
4979	en-us	1.0
1477	eng	1.0
8832	en-us	1.0
2416	eng	1.0
4257	eng	1.0
2215	eng	1.0
1580	eng	1.0
1457	eng	1.0
6644	en-us	1.0
7354	eng	1.0
9180	eng	1.0
2041	eng	1.0
8776	eng	1.0
6823	en-us	1.0
4289	en-us	1.0
1801	eng	1.0
4101	eng	1.0
2015	eng	1.0
3585	eng	1.0
1949	eng	1.0
8591	eng	1.0
5567	eng	1.0
4014	eng	1.0
1436	eng	1.0
4139	eng	1.0
4057	eng	1.0
4460	eng	1.0
3562	eng	1.0
3755	eng	1.0
1664	eng	1.0
3580	eng	1.0
1873	eng	1.0
2939	eng	1.0
3963	eng	1.0
3642	eng	1.0
1454	en-us	1.0
3519	eng	1.0
2571	eng	1.0
9623	eng	1.0
1435	eng	1.0
2063	eng	1.0
6604	eng	1.0
3237	eng	1.0
6299	eng	1.0
9478	eng	1.0
2092	eng	1.0
3796	eng	1.0
3274	eng	1.0
1916	en-us	1.0
1549	en-us	1.0
1783	eng	1.0
3818	en-us	1.0
1984	en-us	1.0
3215	en-us	1.0
1488	eng	1.0
4802	en-us	1.0
2630	eng	1.0
6383	eng	1.0
2994	eng	1.0
5615	eng	1.0
6261	eng	1.0
2468	eng	1.0
4068	eng	1.0
3508	eng	1.0
1520	eng	1.0
3590	eng	1.0
2027	eng	1.0
3428	en-us	1.0
3472	eng	1.0
3628	eng	1.0
7309	eng	1.0
4515	eng	1.0
1752	eng	1.0
4473	eng	1.0
2051	eng	1.0
9036	eng	1.0
3143	en-us	1.0
2353	eng	1.0
1572	eng	1.0
3082	eng	1.0
3396	eng	1.0
3660	eng	1.0
2883	eng	1.0
2633	en-gb	1.0
5928	en-gb	1.0
5052	eng	1.0
4520	eng	1.0
1491	en-us	1.0
1669	eng	1.0
3348	eng	1.0
6039	eng	1.0
2485	eng	1.0
1974	en-us	1.0
1695	eng	1.0
5999	eng	1.0
7970	en-us	1.0
8817	eng	1.0
4092	eng	1.0
4288	en-us	1.0
3108	en-us	1.0
1640	en-us	1.0
3207	eng	1.0
5179	eng	1.0
1964	eng	1.0
3278	en-gb	1.0
8523	eng	1.0
2763	en-gb	1.0
2544	eng	1.0
2745	eng	1.0
8949	eng	1.0
7622	en-us	1.0
4758	eng	1.0
1586	eng	1.0
2236	eng	1.0
2366	eng	1.0
4244	eng	1.0
2625	eng	1.0
1709	en-us	1.0
8444	en-us	1.0
2370	eng	1.0
3957	eng	1.0
6552	en-us	1.0
1599	en-us	1.0
4602	eng	1.0
3206	eng	1.0
6230	en-us	1.0
3493	eng	1.0
7251	en-us	1.0
6998	eng	1.0
5327	eng	1.0
2133	eng	1.0
4298	eng	1.0
2510	eng	1.0
2363	en-us	1.0
6190	eng	1.0
8721	eng	1.0
4989	en-us	1.0
2262	eng	1.0
8694	eng	1.0
6715	eng	1.0
2016	eng	1.0
7132	en-us	1.0
5121	eng	1.0
5758	eng	1.0
1567	en-gb	1.0
4265	en-us	1.0
5737	en-us	1.0
2455	eng	1.0
9887	eng	1.0
3588	eng	1.0
7164	eng	1.0
1682	en-us	1.0
2174	en-us	1.0
1772	eng	1.0
2389	eng	1.0
2017	eng	1.0
4256	eng	1.0
6981	en-us	1.0
4530	eng	1.0
4293	eng	1.0
5496	eng	1.0
2268	en-us	1.0
4660	eng	1.0
5033	eng	1.0
1629	eng	1.0
4772	en-us	1.0
3008	en-us	1.0
2454	eng	1.0
6702	eng	1.0
3718	eng	1.0
4994	eng	1.0
1471	en-us	1.0
8630	eng	1.0
3557	eng	1.0
9372	eng	1.0
4335	en-us	1.0
3240	eng	1.0
1775	eng	1.0
3083	en-us	1.0
2887	en-us	1.0
2705	eng	1.0
3894	eng	1.0
8260	eng	1.0
9933	eng	1.0
4677	en-us	1.0
1438	eng	1.0
2696	eng	1.0
1661	en-us	1.0
3149	en-us	1.0
2961	eng	1.0
6177	en-us	1.0
2187	eng	1.0
4157	eng	1.0
1448	eng	1.0
1865	eng	1.0
6434	en-us	1.0
1652	en-us	1.0
3464	eng	1.0
4333	en-us	1.0
1881	eng	1.0
7396	en-us	1.0
4904	eng	1.0
1587	eng	1.0
4126	eng	1.0
5973	en-gb	1.0
1656	en-us	1.0
1692	eng	1.0
3196	eng	1.0
1966	en-us	1.0
1751	en-us	1.0
5871	en-us	1.0
2212	eng	1.0
3034	en-us	1.0
5115	eng	1.0
5924	eng	1.0
9363	en-us	1.0
3033	eng	1.0
1417	eng	1.0
8837	eng	1.0
2018	en-us	1.0
2943	en-us	1.0
1963	eng	1.0
4538	eng	1.0
8733	eng	1.0
5524	en-us	1.0
3664	eng	1.0
5028	en-us	1.0
6335	eng	1.0
1761	eng	1.0
8879	en-us	1.0
2642	eng	1.0
6164	en-us	1.0
2684	eng	1.0
5383	eng	1.0
7308	en-us	1.0
7880	en-us	1.0
4055	eng	1.0
5432	en-us	1.0
5550	eng	1.0
1413	en-gb	1.0
5058	eng	1.0
2044	en-us	1.0
1814	eng	1.0
6579	en-us	1.0
9516	en-us	1.0
5667	eng	1.0
5685	eng	1.0
1972	en-us	1.0
4253	eng	1.0
9679	eng	1.0
3271	eng	1.0
2549	en-us	1.0
3105	en-us	1.0
7660	eng	1.0
9281	eng	1.0
2384	eng	1.0
1686	en-us	1.0
3168	eng	1.0
4065	eng	1.0
4361	en-us	1.0
5478	eng	1.0
3040	eng	1.0
4290	eng	1.0
6119	eng	1.0
6429	eng	1.0
7905	eng	1.0
4405	eng	1.0
4447	eng	1.0
4468	eng	1.0
2737	en-us	1.0
2785	eng	1.0
4659	eng	1.0
5933	eng	1.0
3741	eng	1.0
7092	en-us	1.0
1439	eng	1.0
1636	en-us	1.0
2126	en-us	1.0
7297	en-us	1.0
4153	en-us	1.0
2502	eng	1.0
8870	eng	1.0
8656	en-gb	1.0
9428	en-us	1.0
3799	eng	1.0
3061	eng	1.0
3989	eng	1.0
2230	eng	1.0
2404	eng	1.0
4188	eng	1.0
3991	eng	1.0
3023	eng	1.0
2500	eng	1.0
6691	eng	1.0
1743	eng	1.0
3418	en-gb	1.0
5582	en-us	1.0
5612	eng	1.0
6238	eng	1.0
1541	eng	1.0
3121	eng	1.0
8471	eng	1.0
4825	eng	1.0
6338	eng	1.0
2447	eng	1.0
5782	eng	1.0
8750	eng	1.0
4416	eng	1.0
6987	eng	1.0
7245	eng	1.0
8382	eng	1.0
3467	eng	1.0
2993	eng	1.0
4449	eng	1.0
2871	eng	1.0
1874	en-us	1.0
3971	eng	1.0
5984	en-us	1.0
6042	en-us	1.0
5392	en-gb	1.0
7176	eng	1.0
4220	eng	1.0
4215	eng	1.0
2825	eng	1.0
2917	en-us	1.0
3118	eng	1.0
6985	eng	1.0
3578	eng	1.0
6192	eng	1.0
1673	eng	1.0
3291	en-us	1.0
1744	eng	1.0
7545	eng	1.0
6773	eng	1.0
5029	en-us	1.0
7741	eng	1.0
7469	en-us	1.0
8553	eng	1.0
2054	eng	1.0
1702	eng	1.0
8314	eng	1.0
2108	en-gb	1.0
1516	eng	1.0
5105	eng	1.0
7710	eng	1.0
7827	en-us	1.0
2793	eng	1.0
4217	eng	1.0
1511	eng	1.0
4755	en-us	1.0
4002	eng	1.0
3950	eng	1.0
4318	eng	1.0
2071	eng	1.0
1400	eng	1.0
1941	eng	1.0
3155	eng	1.0
3961	eng	1.0
1527	eng	1.0
6166	eng	1.0
6222	en-us	1.0
2160	eng	1.0
7244	eng	1.0
8974	eng	1.0
4811	eng	1.0
6741	en-us	1.0
4323	eng	1.0
9906	eng	1.0
2153	eng	1.0
2826	eng	1.0
5246	eng	1.0
5434	eng	1.0
4362	eng	1.0
4373	eng	1.0
9451	en-us	1.0
6090	eng	1.0
4721	en-us	1.0
4160	en-us	1.0
9130	eng	1.0
7238	en-us	1.0
7080	eng	1.0
5833	eng	1.0
9488	eng	1.0
3059	en-us	1.0
1729	eng	1.0
5350	en-ca	1.0
6799	eng	1.0
8150	eng	1.0
6172	eng	1.0
8467	eng	1.0
4751	eng	1.0
2086	eng	1.0
2677	eng	1.0
7949	en-us	1.0
5443	eng	1.0
1886	eng	1.0
3551	eng	1.0
1620	eng	1.0
3750	en-us	1.0
7162	fre	1.0
6023	eng	1.0
2424	eng	1.0
3904	en-us	1.0
5155	eng	1.0
9295	en-us	1.0
3036	eng	1.0
1989	eng	1.0
6887	eng	1.0
2285	en-gb	1.0
2453	en-gb	1.0
3657	eng	1.0
2235	eng	1.0
4240	eng	1.0
7353	eng	1.0
3203	en-us	1.0
6833	en-us	1.0
8987	eng	1.0
1900	eng	1.0
3079	eng	1.0
3521	eng	1.0
1592	eng	1.0
2594	eng	1.0
1925	eng	1.0
7534	en-us	1.0
1689	eng	1.0
4227	en-us	1.0
7771	eng	1.0
3002	en-us	1.0
2681	eng	1.0
3314	en-us	1.0
1519	eng	1.0
1852	eng	1.0
4202	en-us	1.0
4578	en-us	1.0
4865	en-us	1.0
1878	eng	1.0
5458	eng	1.0
3387	eng	1.0
9995	eng	1.0
2475	eng	1.0
2466	en-us	1.0
5425	eng	1.0
3020	eng	1.0
2440	eng	1.0
4634	eng	1.0
4395	eng	1.0
4359	eng	1.0
1526	eng	1.0
1518	eng	1.0
3791	eng	1.0
2671	eng	1.0
5216	eng	1.0
1398	en-us	1.0
4114	en-gb	1.0
2282	en-us	1.0
4301	en-us	1.0
2278	eng	1.0
3452	eng	1.0
3583	eng	1.0
1604	en-us	1.0
1959	en-us	1.0
1633	eng	1.0
3767	eng	1.0
3313	eng	1.0
6454	eng	1.0
2087	eng	1.0
4487	en-us	1.0
3643	eng	1.0
2464	eng	1.0
3676	eng	1.0
2729	eng	1.0
4503	eng	1.0
2403	eng	1.0
6590	eng	1.0
3333	eng	1.0
9966	eng	1.0
2188	eng	1.0
3417	en-gb	1.0
3406	en-us	1.0
3892	eng	1.0
6502	eng	1.0
2937	eng	1.0
3565	eng	1.0
1842	eng	1.0
7832	eng	1.0
4189	en-us	1.0
3268	eng	1.0
1648	eng	1.0
2467	eng	1.0
2226	eng	1.0
5707	en-us	1.0
1986	eng	1.0
1719	en-us	1.0
1450	en-us	1.0
2336	eng	1.0
6620	eng	1.0
6220	eng	1.0
5027	en-us	1.0
3889	eng	1.0
4848	eng	1.0
2023	eng	1.0
2010	en-us	1.0
3570	eng	1.0
5012	en-us	1.0
1597	eng	1.0
2988	eng	1.0
2385	en-us	1.0
4110	eng	1.0
2425	eng	1.0
3692	eng	1.0
2284	eng	1.0
9864	en-gb	1.0
2623	en-us	1.0
3252	en-us	1.0
8916	eng	1.0
2009	eng	1.0
1578	eng	1.0
1922	eng	1.0
4512	eng	1.0
3556	en-us	1.0
4506	en-us	1.0
1531	eng	1.0
5704	eng	1.0
8306	eng	1.0
3542	eng	1.0
1432	eng	1.0
4270	en-us	1.0
2346	eng	1.0
3686	eng	1.0
1867	eng	1.0
5961	eng	1.0
4440	eng	1.0
8592	en-us	1.0
2184	eng	1.0
8256	eng	1.0
5171	eng	1.0
8514	eng	1.0
1600	eng	1.0
4134	eng	1.0
7492	en-us	1.0
2383	en-us	1.0
4422	en-us	1.0
5501	eng	1.0
6057	eng	1.0
8625	eng	1.0
5863	en-us	1.0
4502	eng	1.0
5559	eng	1.0
9923	eng	1.0
4162	en-us	1.0
4464	en-us	1.0
4970	eng	1.0
2952	eng	1.0
6909	eng	1.0
6682	en-us	1.0
1758	eng	1.0
2295	eng	1.0
4931	en-us	1.0
2428	en-us	1.0
3711	eng	1.0
1917	eng	1.0
4476	en-us	1.0
5211	eng	1.0
3579	en-us	1.0
7504	eng	1.0
8331	eng	1.0
9193	eng	1.0
7350	eng	1.0
4598	eng	1.0
4180	en-us	1.0
2311	eng	1.0
5860	eng	1.0
3673	en-us	1.0
5686	en-us	1.0
4375	en-us	1.0
5864	eng	1.0
2541	eng	1.0
5492	eng	1.0
1726	eng	1.0
1504	en-us	1.0
5056	eng	1.0
1618	en-us	1.0
6125	eng	1.0
4639	en-us	1.0
2543	eng	1.0
2714	en-us	1.0
2283	en-us	1.0
1738	en-us	1.0
1650	eng	1.0
6400	eng	1.0
9439	en-us	1.0
2823	eng	1.0
5840	eng	1.0
4121	eng	1.0
2405	eng	1.0
4680	eng	1.0
7704	en-us	1.0
6876	eng	1.0
2698	eng	1.0
1461	eng	1.0
5003	eng	1.0
4687	eng	1.0
1715	eng	1.0
3925	en-us	1.0
4040	en-us	1.0
4727	eng	1.0
5198	eng	1.0
2508	en-us	1.0
3161	eng	1.0
6750	eng	1.0
3866	eng	1.0
3988	en-us	1.0
3693	eng	1.0
4194	eng	1.0
7505	eng	1.0
6374	eng	1.0
4234	eng	1.0
2459	en-us	1.0
5047	eng	1.0
2581	eng	1.0
6770	eng	1.0
3283	en-us	1.0
4005	en-us	1.0
6791	en-us	1.0
3602	eng	1.0
5637	eng	1.0
2998	eng	1.0
3862	eng	1.0
3289	en-us	1.0
7143	en-us	1.0
2858	eng	1.0
1565	eng	1.0
3776	eng	1.0
2699	eng	1.0
2595	eng	1.0
2286	eng	1.0
3941	eng	1.0
6726	en-us	1.0
2412	eng	1.0
2687	eng	1.0
4022	eng	1.0
4389	eng	1.0
6736	eng	1.0
1594	eng	1.0
8510	en-us	1.0
6430	en-us	1.0
1553	en-us	1.0
3258	eng	1.0
3683	eng	1.0
6152	en-us	1.0
8294	en-us	1.0
9721	eng	1.0
4932	eng	1.0
4832	eng	1.0
4554	eng	1.0
4431	en-us	1.0
4661	eng	1.0
6575	en-us	1.0
2790	en-us	1.0
5620	eng	1.0
5962	en-us	1.0
7210	eng	1.0
7421	en-us	1.0
2131	eng	1.0
2619	en-us	1.0
2125	en-us	1.0
4445	eng	1.0
4428	en-us	1.0
1613	eng	1.0
9780	en-gb	1.0
5573	eng	1.0
3737	eng	1.0
7220	eng	1.0
1807	eng	1.0
6861	eng	1.0
2207	eng	1.0
2863	eng	1.0
4696	eng	1.0
5467	eng	1.0
5481	en-us	1.0
7048	eng	1.0
2120	eng	1.0
2599	eng	1.0
6195	eng	1.0
2811	en-gb	1.0
9298	eng	1.0
3753	eng	1.0
6609	en-gb	1.0
6788	eng	1.0
3725	eng	1.0
4284	eng	1.0
6361	eng	1.0
6988	eng	1.0
3735	en-us	1.0
2376	en-us	1.0
4941	eng	1.0
2316	eng	1.0
7214	eng	1.0
3671	en-gb	1.0
5715	en-us	1.0
3263	eng	1.0
3039	eng	1.0
2704	en-us	1.0
7133	eng	1.0
4605	eng	1.0
5122	en-us	1.0
7783	eng	1.0
6045	eng	1.0
2752	eng	1.0
5276	eng	1.0
5382	eng	1.0
2921	eng	1.0
2934	eng	1.0
3734	eng	1.0
2800	en-us	1.0
3305	en-us	1.0
7065	en-us	1.0
1651	eng	1.0
2301	eng	1.0
5031	eng	1.0
2899	eng	1.0
1943	eng	1.0
2829	eng	1.0
5895	en-us	1.0
2081	eng	1.0
1904	en-us	1.0
2100	eng	1.0
1782	eng	1.0
3379	en-us	1.0
6271	eng	1.0
2794	en-us	1.0
1905	eng	1.0
2906	eng	1.0
5286	eng	1.0
3559	eng	1.0
3827	eng	1.0
1769	eng	1.0
2208	eng	1.0
1981	eng	1.0
4448	eng	1.0
1546	en-us	1.0
7607	eng	1.0
5810	eng	1.0
2558	eng	1.0
2848	eng	1.0
3412	eng	1.0
6889	en-us	1.0
2003	eng	1.0
5819	eng	1.0
3230	en-us	1.0
1699	eng	1.0
5795	eng	1.0
3728	en-us	1.0
5509	eng	1.0
6546	en-us	1.0
7734	en-us	1.0
8822	eng	1.0
4401	en-us	1.0
2058	eng	1.0
7293	eng	1.0
5196	eng	1.0
8698	eng	1.0
6185	en-gb	1.0
3247	eng	1.0
2167	eng	1.0
8361	eng	1.0
2792	eng	1.0
2170	eng	1.0
5141	eng	1.0
2470	eng	1.0
2944	eng	1.0
2109	en-us	1.0
2452	en-us	1.0
1645	en-us	1.0
3254	en-us	1.0
9699	eng	1.0
6188	eng	1.0
6440	eng	1.0
4881	eng	1.0
4016	en-us	1.0
4196	en-us	1.0
6941	eng	1.0
6836	eng	1.0
6829	en-gb	1.0
4197	eng	1.0
3597	en-us	1.0
1566	eng	1.0
2321	en-us	1.0
4978	eng	1.0
1536	en-us	1.0
2219	en-gb	1.0
1509	eng	1.0
3960	eng	1.0
1530	eng	1.0
2148	eng	1.0
2415	eng	1.0
1501	en-us	1.0
1521	eng	1.0
2392	eng	1.0
4166	eng	1.0
3550	eng	1.0
9026	eng	1.0
5903	eng	1.0
4548	en-us	1.0
3515	en-us	1.0
4067	eng	1.0
5346	en-us	1.0
2247	en-us	1.0
3078	en-gb	1.0
1843	eng	1.0
9095	eng	1.0
3582	eng	1.0
1853	eng	1.0
1923	en-us	1.0
1465	eng	1.0
1957	eng	1.0
1885	eng	1.0
5301	eng	1.0
6173	eng	1.0
1624	eng	1.0
3390	eng	1.0
4622	eng	1.0
4104	eng	1.0
2210	eng	1.0
4336	eng	1.0
8188	eng	1.0
2147	en-us	1.0
2190	eng	1.0
8928	eng	1.0
1581	en-gb	1.0
3561	eng	1.0
5260	eng	1.0
1445	en-us	1.0
6972	eng	1.0
1545	en-us	1.0
5406	eng	1.0
2142	eng	1.0
4249	eng	1.0
2000	en-us	1.0
2378	en-us	1.0
3699	en-us	1.0
3262	eng	1.0
4443	eng	1.0
3763	eng	1.0
1741	eng	1.0
2304	eng	1.0
7611	en-us	1.0
6348	eng	1.0
4368	en-us	1.0
2770	eng	1.0
3202	en-us	1.0
5326	eng	1.0
5929	eng	1.0
1544	eng	1.0
3703	eng	1.0
1430	en-us	1.0
6138	en-us	1.0
3715	eng	1.0
2517	eng	1.0
8640	eng	1.0
1771	eng	1.0
1405	eng	1.0
2433	en-gb	1.0
3477	spa	1.0
1961	en-us	1.0
3758	en-us	1.0
6061	eng	1.0
9407	eng	1.0
3091	eng	1.0
7644	en-us	1.0
1760	eng	1.0
4633	en-us	1.0
7655	en-us	1.0
9152	en-us	1.0
2077	en-us	1.0
1540	en-us	1.0
1803	en-us	1.0
1421	eng	1.0
3232	en-us	1.0
1733	eng	1.0
1902	en-us	1.0
1996	eng	1.0
5930	eng	1.0
3311	en-us	1.0
3680	en-us	1.0
2411	en-us	1.0
1928	eng	1.0
7436	en-us	1.0
1420	eng	1.0
3920	eng	1.0
3360	en-us	1.0
2026	eng	1.0
1555	eng	1.0
1666	en-us	1.0
3071	en-gb	1.0
5604	eng	1.0
3930	eng	1.0
4485	en-gb	1.0
6327	en-us	1.0
2644	en-us	1.0
1467	eng	1.0
1480	en-us	1.0
3445	en-gb	1.0
1534	eng	1.0
4974	eng	1.0
1607	eng	1.0
2738	en-us	1.0
7463	eng	1.0
1579	en-us	1.0
7943	eng	1.0
7357	eng	1.0
4044	en-us	1.0
2746	eng	1.0
2214	en-gb	1.0
7512	eng	1.0
1746	en-us	1.0
6762	eng	1.0
5797	en-us	1.0
6742	eng	1.0
3223	en-us	1.0
6619	eng	1.0
1755	eng	1.0
3622	eng	1.0
3804	en-us	1.0
7911	en-us	1.0
2522	en-us	1.0
2820	eng	1.0
2603	eng	1.0
8731	eng	1.0
3787	eng	1.0
7496	en-us	1.0
3356	en-us	1.0
4759	eng	1.0
5108	en-us	1.0
2631	eng	1.0
2493	eng	1.0
2407	en-us	1.0
6254	eng	1.0
5508	eng	1.0
3609	eng	1.0
1877	en-us	1.0
5090	en-us	1.0
3805	eng	1.0
4413	en-us	1.0
2688	en-us	1.0
1934	en-us	1.0
6397	eng	1.0
5004	eng	1.0
2901	en-us	1.0
1892	eng	1.0
1550	en-us	1.0
4329	eng	1.0
8094	eng	1.0
4266	en-us	1.0
8720	eng	1.0
3635	eng	1.0
3353	eng	1.0
1616	eng	1.0
3330	eng	1.0
2930	en-us	1.0
3682	eng	1.0
1399	en-us	1.0
1440	en-us	1.0
4117	eng	1.0
2596	eng	1.0
5284	eng	1.0
8370	eng	1.0
2227	eng	1.0
2201	en-us	1.0
4560	eng	1.0
2958	eng	1.0
2225	eng	1.0
8609	en-us	1.0
9253	en-us	1.0
2159	en-us	1.0
5522	en-us	1.0
3518	eng	1.0
2035	eng	1.0
4174	eng	1.0
4036	en-us	1.0
7444	eng	1.0
4414	en-us	1.0
9794	eng	1.0
6488	eng	1.0
1836	en-gb	1.0
3509	en-us	1.0
4315	eng	1.0
2731	en-us	1.0
6645	en-us	1.0
3339	en-us	1.0
5044	en-us	1.0
2716	eng	1.0
2539	eng	1.0
2257	eng	1.0
5798	eng	1.0
5556	eng	1.0
3361	eng	1.0
3355	eng	1.0
3120	eng	1.0
2213	eng	1.0
2865	eng	1.0
2011	en-us	1.0
3273	eng	1.0
4859	eng	1.0
6307	en-us	1.0
2834	eng	1.0
6928	en-us	1.0
6477	en-us	1.0
4069	en-us	1.0
4311	eng	1.0
6368	eng	1.0
7981	eng	1.0
7971	eng	1.0
5569	eng	1.0
2265	en-us	1.0
7138	eng	1.0
7667	eng	1.0
3574	en-gb	1.0
2857	en-us	1.0
2845	en-us	1.0
3777	en-us	1.0
4147	en-us	1.0
4076	en-us	1.0
4052	en-us	1.0
4064	eng	1.0
5345	eng	1.0
1696	en-us	1.0
3176	eng	1.0
4446	en-us	1.0
6558	eng	1.0
5297	en-us	1.0
2350	en-us	1.0
4996	eng	1.0
2073	eng	1.0
4353	eng	1.0
3964	eng	1.0
3795	en-us	1.0
2069	eng	1.0
7808	en-us	1.0
2547	eng	1.0
2519	eng	1.0
3801	eng	1.0
6298	en-us	1.0
8632	en-us	1.0
5733	en-us	1.0
3945	en-us	1.0
2900	en-us	1.0
1797	en-us	1.0
1653	eng	1.0
4391	en-us	1.0
2114	eng	1.0
6131	eng	1.0
8998	eng	1.0
4845	eng	1.0
2129	eng	1.0
3125	eng	1.0
5486	en-us	1.0
4555	eng	1.0
2733	en-us	1.0
9187	eng	1.0
1452	eng	1.0
2968	eng	1.0
5395	en-us	1.0
4012	en-ca	1.0
4275	eng	1.0
1693	eng	1.0
5510	eng	1.0
5009	eng	1.0
4125	eng	1.0
1474	eng	1.0
3397	en-us	1.0
3512	eng	1.0
9930	en-us	1.0
6223	eng	1.0
4528	en-us	1.0
3193	eng	1.0
8573	en-us	1.0
8935	eng	1.0
9384	eng	1.0
7089	eng	1.0
6088	eng	1.0
5083	eng	1.0
3982	eng	1.0
2497	eng	1.0
3366	eng	1.0
3280	eng	1.0
3482	eng	1.0
5160	eng	1.0
7118	eng	1.0
4768	eng	1.0
1396	en-us	1.0
6186	eng	1.0
4651	eng	1.0
6749	en-us	1.0
5854	eng	1.0
2525	eng	1.0
2669	eng	1.0
3208	en-us	1.0
1876	eng	1.0
2822	en-us	1.0
1731	eng	1.0
7909	eng	1.0
6891	en-us	1.0
2238	en-us	1.0
5705	eng	1.0
8009	eng	1.0
4729	eng	1.0
6485	eng	1.0
7696	eng	1.0
6631	en-us	1.0
8359	eng	1.0
1844	eng	1.0
6184	en-gb	1.0
4571	eng	1.0
5951	en-us	1.0
4776	eng	1.0
3084	eng	1.0
1646	en-us	1.0
7282	en-us	1.0
1595	eng	1.0
7153	eng	1.0
8512	eng	1.0
3529	eng	1.0
1909	eng	1.0
7440	eng	1.0
4258	eng	1.0
6781	eng	1.0
8400	eng	1.0
4182	eng	1.0
5747	eng	1.0
8921	eng	1.0
4977	eng	1.0
6022	eng	1.0
4313	eng	1.0
8254	eng	1.0
6191	eng	1.0
4015	eng	1.0
2313	eng	1.0
8709	en-gb	1.0
5032	eng	1.0
6504	eng	1.0
2151	eng	1.0
2941	eng	1.0
1577	eng	1.0
1502	en-ca	1.0
5476	eng	1.0
3573	eng	1.0
4312	eng	1.0
2748	en-gb	1.0
2483	eng	1.0
3297	eng	1.0
4324	eng	1.0
5172	eng	1.0
2356	eng	1.0
3891	eng	1.0
3011	eng	1.0
2112	eng	1.0
4629	eng	1.0
6733	eng	1.0
2533	eng	1.0
4306	eng	1.0
2664	eng	1.0
4489	eng	1.0
4382	eng	1.0
7779	en-us	1.0
4545	en-us	1.0
7728	eng	1.0
2629	eng	1.0
6467	en-us	1.0
5488	eng	1.0
4074	eng	1.0
3329	eng	1.0
4873	eng	1.0
4365	en-gb	1.0
3555	eng	1.0
2747	eng	1.0
5938	eng	1.0
1522	eng	1.0
5650	eng	1.0
1740	eng	1.0
6844	eng	1.0
6659	eng	1.0
6364	eng	1.0
2489	eng	1.0
2469	eng	1.0
5763	en-us	1.0
5657	en-us	1.0
4031	en-gb	1.0
3133	eng	1.0
2646	eng	1.0
3978	eng	1.0
2817	eng	1.0
9675	eng	1.0
9143	eng	1.0
2673	en-us	1.0
8388	en-us	1.0
7274	en-us	1.0
6920	eng	1.0
7254	eng	1.0
1466	eng	1.0
6291	eng	1.0
5564	eng	1.0
5920	en-us	1.0
2371	eng	1.0
3835	eng	1.0
2846	eng	1.0
2279	en-us	1.0
1449	eng	1.0
1759	en-us	1.0
2461	en-us	1.0
5385	eng	1.0
7817	eng	1.0
4914	en-gb	1.0
2808	eng	1.0
2654	eng	1.0
1679	eng	1.0
1993	en-us	1.0
3811	eng	1.0
2586	eng	1.0
2309	eng	1.0
3286	eng	1.0
5243	en-us	1.0
1918	eng	1.0
4342	eng	1.0
4842	eng	1.0
3184	en-us	1.0
2013	en-us	1.0
1944	eng	1.0
6917	eng	1.0
1401	eng	1.0
2875	eng	1.0
4427	en-us	1.0
4509	spa	1.0
4606	spa	1.0
5774	en-us	1.0
7277	eng	1.0
3552	eng	1.0
7737	eng	1.0
2897	en-us	1.0
3966	en-ca	1.0
3321	eng	1.0
4939	eng	1.0
4561	eng	1.0
1714	en-us	1.0
5527	eng	1.0
1500	eng	1.0
2028	eng	1.0
1514	en-us	1.0
5007	en-us	1.0
5282	en-us	1.0
5463	eng	1.0
1845	ger	1.0
1739	eng	1.0
1547	eng	1.0
5436	eng	1.0
2773	eng	1.0
2381	en-us	1.0
8290	en-us	1.0
1402	eng	1.0
1476	en-us	1.0
1655	eng	1.0
1847	eng	1.0
3007	eng	1.0
2032	eng	1.0
4348	eng	1.0
3090	en-us	1.0
5446	eng	1.0
5330	eng	1.0
9972	en-gb	1.0
8781	en-us	1.0
9748	en-gb	1.0
3979	eng	1.0
8189	en-us	1.0
4091	eng	1.0
2480	eng	1.0
2942	eng	1.0
3086	eng	1.0
3395	eng	1.0
1487	en-us	1.0
4062	eng	1.0
3533	en-us	1.0
2637	eng	1.0
3101	en-us	1.0
1779	eng	1.0
1735	en-us	1.0
4236	eng	1.0
7951	eng	1.0
1407	eng	1.0
2066	eng	1.0
9533	eng	1.0
4836	eng	1.0
2031	en-gb	1.0
4127	en-us	1.0
4797	eng	1.0
3443	eng	1.0
3085	eng	1.0
9265	en-us	1.0
2724	eng	1.0
3650	en-gb	1.0
5627	eng	1.0
6375	eng	1.0
2002	eng	1.0
2380	eng	1.0
4695	eng	1.0
8647	eng	1.0
7292	en-us	1.0
1552	en-us	1.0
3638	en-us	1.0
4793	eng	1.0
1434	eng	1.0
2735	eng	1.0
3912	en-us	1.0
3175	eng	1.0
5176	eng	1.0
2138	eng	1.0
5051	en-us	1.0
7836	eng	1.0
7459	eng	1.0
8677	eng	1.0
6963	eng	1.0
3774	en-us	1.0
1891	en-us	1.0
3720	eng	1.0
6787	eng	1.0
4671	eng	1.0
2359	eng	1.0
4972	eng	1.0
2462	eng	1.0
1690	eng	1.0
5512	eng	1.0
7041	en-gb	1.0
3158	eng	1.0
6923	eng	1.0
6763	en-us	1.0
5340	eng	1.0
3035	en-us	1.0
3066	en-us	1.0
5781	eng	1.0
6146	eng	1.0
2373	eng	1.0
2393	en-us	1.0
3468	eng	1.0
6480	eng	1.0
6326	en-us	1.0
7563	eng	1.0
1479	eng	1.0
2448	eng	1.0
5949	eng	1.0
3065	en-us	1.0
8286	en-us	1.0
1683	en-us	1.0
4242	en-us	1.0
3402	eng	1.0
3910	en-us	1.0
9403	eng	1.0
1672	eng	1.0
5192	eng	1.0
6801	eng	1.0
1767	eng	1.0
7284	en-us	1.0
2711	eng	1.0
1850	eng	1.0
7730	en-us	1.0
7052	en-us	1.0
2085	eng	1.0
3031	eng	1.0
3450	en-us	1.0
6860	fre	1.0
3303	en-us	1.0
1670	en-us	1.0
2989	eng	1.0
7797	eng	1.0
2476	eng	1.0
3014	en-us	1.0
9803	eng	1.0
7285	eng	1.0
3757	eng	1.0
9059	eng	1.0
2592	en-gb	1.0
2057	eng	1.0
4262	eng	1.0
6130	eng	1.0
1851	eng	1.0
1523	eng	1.0
1906	en-us	1.0
1575	eng	1.0
1637	en-us	1.0
4822	eng	1.0
5754	eng	1.0
6523	eng	1.0
5163	eng	1.0
1855	en-us	1.0
4619	en-us	1.0
8316	en-us	1.0
4583	eng	1.0
7428	eng	1.0
7753	en-us	1.0
9822	en-gb	1.0
4947	en-us	1.0
2472	eng	1.0
4791	en-us	1.0
5490	eng	1.0
2512	en-us	1.0
3762	eng	1.0
8329	eng	1.0
3548	en-us	1.0
7001	eng	1.0
9637	eng	1.0
2334	eng	1.0
3317	eng	1.0
2496	eng	1.0
4155	eng	1.0
1710	eng	1.0
3769	en-us	1.0
6938	eng	1.0
7295	eng	1.0
4886	eng	1.0
1939	en-us	1.0
2451	eng	1.0
4810	eng	1.0
1833	eng	1.0
2322	en-ca	1.0
9217	en-us	1.0
4685	eng	1.0
6242	en-us	1.0
2730	en-us	1.0
9081	eng	1.0
7392	eng	1.0
2289	eng	1.0
3302	eng	1.0
5386	eng	1.0
1818	eng	1.0
2662	eng	1.0
1813	eng	1.0
4231	en-us	1.0
3029	eng	1.0
1716	eng	1.0
2957	eng	1.0
5229	en-gb	1.0
3939	eng	1.0
8115	eng	1.0
7575	eng	1.0
8688	eng	1.0
2019	eng	1.0
4385	eng	1.0
3216	eng	1.0
1869	en-us	1.0
9559	eng	1.0
7015	eng	1.0
4490	eng	1.0
8338	en-us	1.0
4730	en-us	1.0
2341	en-us	1.0
5082	eng	1.0
5101	en-us	1.0
3021	en-us	1.0
3994	eng	1.0
3037	eng	1.0
2520	jpn	1.0
2391	eng	1.0
8312	eng	1.0
3352	en-us	1.0
6169	eng	1.0
4019	eng	1.0
9367	eng	1.0
1665	eng	1.0
3444	eng	1.0
3820	en-us	1.0
6139	eng	1.0
1455	eng	1.0
1585	eng	1.0
3198	eng	1.0
4025	eng	1.0
9540	eng	1.0
3530	eng	1.0
7021	eng	1.0
3057	eng	1.0
2973	eng	1.0
5035	eng	1.0
4893	en-us	1.0
9990	eng	1.0
7409	eng	1.0
4712	en-us	1.0
7074	eng	1.0
2056	eng	1.0
2564	eng	1.0
9408	eng	1.0
5935	en-us	1.0
3471	eng	1.0
3358	eng	1.0
2276	eng	1.0
4692	eng	1.0
3457	eng	1.0
1687	en-gb	1.0
2417	en-us	1.0
2915	eng	1.0
9955	eng	1.0
2130	en-us	1.0
4483	eng	1.0
3298	en-us	1.0
7290	eng	1.0
6037	eng	1.0
4744	en-us	1.0
2329	en-us	1.0
2570	eng	1.0
7151	eng	1.0
8056	eng	1.0
4763	eng	1.0
7355	eng	1.0
8473	eng	1.0
6105	eng	1.0
5641	eng	1.0
3267	eng	1.0
5011	eng	1.0
2280	eng	1.0
3415	eng	1.0
2739	eng	1.0
9948	eng	1.0
2818	eng	1.0
3222	en-us	1.0
5992	eng	1.0
2111	eng	1.0
6830	en-us	1.0
2692	eng	1.0
4910	en-gb	1.0
2700	eng	1.0
6089	ara	1.0
4115	eng	1.0
6161	eng	1.0
5691	eng	1.0
5807	eng	1.0
3576	en	1.0
2106	eng	1.0
9046	eng	1.0
4841	eng	1.0
5918	en-us	1.0
3446	eng	1.0
8528	en-gb	1.0
1723	eng	1.0
3324	eng	1.0
6818	eng	1.0
2838	eng	1.0
2653	eng	1.0
1899	eng	1.0
3460	eng	1.0
1505	eng	1.0
5825	eng	1.0
8102	eng	1.0
1808	eng	1.0
1688	eng	1.0
4418	eng	1.0
3236	eng	1.0
2538	eng	1.0
1834	en-ca	1.0
1988	eng	1.0
2652	eng	1.0
1786	eng	1.0
7787	en-us	1.0
2037	eng	1.0
2978	eng	1.0
2840	eng	1.0
4711	eng	1.0
2272	eng	1.0
5378	eng	1.0
4983	eng	1.0
1668	eng	1.0
1924	eng	1.0
2718	eng	1.0
3000	eng	1.0
2658	eng	1.0
5188	eng	1.0
4369	eng	1.0
1980	eng	1.0
1641	eng	1.0
2624	eng	1.0
2196	eng	1.0
5055	eng	1.0
5329	en-us	1.0
5764	en-us	1.0
2881	en-us	1.0
3858	en-us	1.0
2399	en-gb	1.0
5923	eng	1.0
5469	en-us	1.0
6581	eng	1.0
1593	en-us	1.0
4993	eng	1.0
5357	en-us	1.0
6601	en-us	1.0
3919	eng	1.0
9471	en-us	1.0
1718	en-us	1.0
8168	en-us	1.0
7110	eng	1.0
1937	eng	1.0
2540	eng	1.0
2020	en-us	1.0
4683	eng	1.0
2136	en-us	1.0
6319	eng	1.0
7123	eng	1.0
1498	eng	1.0
1795	eng	1.0
4524	eng	1.0
2387	eng	1.0
5982	fre	1.0
4542	eng	1.0
2589	eng	1.0
1606	en-us	1.0
1811	en-us	1.0
2025	eng	1.0
3027	en-us	1.0
1644	en-us	1.0
2750	eng	1.0
4698	eng	1.0
6995	eng	1.0
2192	en-us	1.0
2577	eng	1.0
2727	eng	1.0
1571	en-us	1.0
5358	eng	1.0
1956	en-gb	1.0
2012	eng	1.0
4095	eng	1.0
1431	eng	1.0
3210	en-gb	1.0
3077	eng	1.0
1598	eng	1.0
1707	eng	1.0
3560	eng	1.0
2053	eng	1.0
2209	eng	1.0
5456	eng	1.0
6768	eng	1.0
2679	eng	1.0
3322	eng	1.0
3790	eng	1.0
4650	eng	1.0
4534	eng	1.0
3070	eng	1.0
2277	eng	1.0
1871	en-us	1.0
6729	eng	1.0
1757	eng	1.0
1749	eng	1.0
4549	en-us	1.0
3729	eng	1.0
1649	eng	1.0
2710	en-us	1.0
3388	eng	1.0
3878	eng	1.0
2024	eng	1.0
8455	en-us	1.0
6675	eng	1.0
3068	eng	1.0
5206	eng	1.0
1785	eng	1.0
2079	eng	1.0
1954	eng	1.0
2029	eng	1.0
6932	eng	1.0
1622	eng	1.0
3973	eng	1.0
3131	eng	1.0
6521	en-us	1.0
2691	eng	1.0
5290	eng	1.0
3934	en-us	1.0
3613	eng	1.0
7416	eng	1.0
7271	en-us	1.0
3593	en-us	1.0
2809	eng	1.0
2050	en-ca	1.0
1805	en-us	1.0
8764	en-us	1.0
2039	eng	1.0
4920	en-us	1.0
2607	en-us	1.0
1734	eng	1.0
8366	en-us	1.0
1493	en-us	1.0
4938	eng	1.0
1406	en-gb	1.0
3876	eng	1.0
8216	eng	1.0
7662	eng	1.0
2374	eng	1.0
8128	eng	1.0
8806	eng	1.0
5948	eng	1.0
4630	en-us	1.0
2439	en-us	1.0
5695	eng	1.0
6951	eng	1.0
2365	eng	1.0
2150	en-us	1.0
6607	eng	1.0
4317	eng	1.0
6156	eng	1.0
4444	eng	1.0
5648	en-us	1.0
4527	eng	1.0
2288	eng	1.0
1978	eng	1.0
7848	eng	1.0
3177	en-us	1.0
4937	eng	1.0
4999	eng	1.0
2651	eng	1.0
8986	eng	1.0
6321	en-gb	1.0
3513	eng	1.0
4357	en-us	1.0
9362	en-us	1.0
4387	en-us	1.0
3833	eng	1.0
5036	eng	1.0
6154	fre	1.0
2228	eng	1.0
2608	en-us	1.0
2082	ara	1.0
4582	eng	1.0
4815	en-gb	1.0
2841	en-us	1.0
5907	eng	1.0
7127	en-gb	1.0
2055	eng	1.0
5129	eng	1.0
3394	en-us	1.0
6325	eng	1.0
5818	eng	1.0
2135	en-us	1.0
6519	en-us	1.0
8830	eng	1.0
2245	en-us	1.0
5829	eng	1.0
4452	en-us	1.0
3163	en-us	1.0
2666	eng	1.0
9068	eng	1.0
1872	eng	1.0
1838	eng	1.0
8008	en-us	1.0
5936	eng	1.0
1424	en-us	1.0
5836	en-us	1.0
4986	eng	1.0
5157	eng	1.0
8724	eng	1.0
2518	eng	1.0
4642	eng	1.0
3374	en-us	1.0
3338	eng	1.0
1882	eng	1.0
5766	en-us	1.0
7907	eng	1.0
5634	en-us	1.0
7833	eng	1.0
2400	eng	1.0
2368	en-us	1.0
8066	eng	1.0
5354	eng	1.0
3626	eng	1.0
3411	en-us	1.0
3639	eng	1.0
4956	en-gb	1.0
2260	en-us	1.0
3486	en-us	1.0
1459	en-us	1.0
6761	eng	1.0
5362	eng	1.0
3922	eng	1.0
9383	eng	1.0
1456	eng	1.0
4351	eng	1.0
2598	eng	1.0
6826	en-us	1.0
5574	eng	1.0
2319	en-us	1.0
8968	en-us	1.0
4796	en-us	1.0
3049	en-us	1.0
2991	en-us	1.0
2094	eng	1.0
2075	eng	1.0
9171	eng	1.0
5411	eng	1.0
4084	eng	1.0
2091	eng	1.0
2536	eng	1.0
8270	en-us	1.0
2924	eng	1.0
5716	eng	1.0
6442	en-us	1.0
1907	eng	1.0
4709	eng	1.0
7891	eng	1.0
2127	en-us	1.0
1823	eng	1.0
3539	en-us	1.0
3346	eng	1.0
8295	en-us	1.0
4252	en-us	1.0
3153	eng	1.0
3887	eng	1.0
4789	eng	1.0
1792	eng	1.0
5625	en-us	1.0
7257	en-us	1.0
4137	eng	1.0
2503	en-gb	1.0
2506	eng	1.0
2597	eng	1.0
1462	eng	1.0
1977	en-us	1.0
4719	eng	1.0
3761	en-gb	1.0
2815	en-us	1.0
3654	eng	1.0
4261	eng	1.0
5225	eng	1.0
3857	eng	1.0
6869	eng	1.0
2421	eng	1.0
5048	eng	1.0
5372	eng	1.0
2484	eng	1.0
2157	eng	1.0
5518	eng	1.0
4078	eng	1.0
1820	eng	1.0
2305	eng	1.0
2760	eng	1.0
1969	en-gb	1.0
4850	eng	1.0
6384	eng	1.0
2488	eng	1.0
5095	eng	1.0
5755	eng	1.0
4678	eng	1.0
4332	en-us	1.0
1463	en-us	1.0
4308	en-us	1.0
2102	eng	1.0
4219	eng	1.0
9793	eng	1.0
1927	eng	1.0
6248	eng	1.0
2975	eng	1.0
2419	eng	1.0
4906	eng	1.0
3407	en-us	1.0
2893	eng	1.0
4003	eng	1.0
7012	en-us	1.0
6612	eng	1.0
8047	eng	1.0
5580	eng	1.0
7045	eng	1.0
1940	en-us	1.0
3995	eng	1.0
8853	eng	1.0
9388	eng	1.0
5851	eng	1.0
3708	eng	1.0
6282	eng	1.0
2449	eng	1.0
6980	en-us	1.0
8590	en-us	1.0
2709	eng	1.0
7838	eng	1.0
1609	en-us	1.0
8503	eng	1.0
3139	eng	1.0
1722	eng	1.0
8652	eng	1.0
2926	eng	1.0
1628	eng	1.0
9333	eng	1.0
6140	eng	1.0
3096	en-us	1.0
3492	eng	1.0
5783	eng	1.0
2088	eng	1.0
2874	eng	1.0
8245	en-us	1.0
2775	eng	1.0
8802	eng	1.0
2255	eng	1.0
8039	eng	1.0
9707	en-us	1.0
2006	eng	1.0
2728	eng	1.0
8073	en-us	1.0
3087	eng	1.0
1770	eng	1.0
6602	eng	1.0
3046	eng	1.0
8976	eng	1.0
7884	eng	1.0
1659	eng	1.0
9232	eng	1.0
4806	eng	1.0
4891	eng	1.0
3174	eng	1.0
2828	eng	1.0
6901	eng	1.0
3716	eng	1.0
5205	eng	1.0
9199	eng	1.0
1470	eng	1.0
7234	eng	1.0
2463	eng	1.0
4631	en-us	1.0
7231	en-us	1.0
3308	en-us	1.0
3347	eng	1.0
6783	en-gb	1.0
7460	eng	1.0
5261	eng	1.0
5750	eng	1.0
3429	eng	1.0
5853	eng	1.0
4493	eng	1.0
2837	en-us	1.0
3815	eng	1.0
8475	en-us	1.0
2627	eng	1.0
5709	eng	1.0
2914	eng	1.0
1410	eng	1.0
3879	eng	1.0
9129	eng	1.0
8258	eng	1.0
5184	eng	1.0
3498	eng	1.0
1965	eng	1.0
1967	eng	1.0
8404	en-us	1.0
7142	eng	1.0
3951	eng	1.0
5979	eng	1.0
6953	eng	1.0
3839	eng	1.0
6240	eng	1.0
5323	eng	1.0
3514	eng	1.0
2141	eng	1.0
2659	eng	1.0
3107	eng	1.0
1412	en-us	1.0
3145	eng	1.0
5197	eng	1.0
6103	eng	1.0
6503	eng	1.0
9924	eng	1.0
1468	en-us	1.0
2104	eng	1.0
8827	eng	1.0
1766	eng	1.0
5220	eng	1.0
2396	eng	1.0
1830	eng	1.0
4465	en-us	1.0
8594	en-gb	1.0
2169	eng	1.0
6107	eng	1.0
1539	eng	1.0
8624	en-us	1.0
6616	en-us	1.0
4378	eng	1.0
9205	eng	1.0
4034	eng	1.0
7904	en-us	1.0
2501	eng	1.0
2043	eng	1.0
6144	eng	1.0
3362	eng	1.0
1987	eng	1.0
2552	eng	1.0
1914	eng	1.0
2755	eng	1.0
6606	eng	1.0
2498	eng	1.0
1908	eng	1.0
5337	eng	1.0
2233	en-us	1.0
2089	eng	1.0
5099	eng	1.0
1460	eng	1.0
4079	en-us	1.0
3500	eng	1.0
1812	en-us	1.0
2269	eng	1.0
4027	eng	1.0
2186	en-us	1.0
6018	en-us	1.0
4577	en-us	1.0
3160	en-us	1.0
2561	eng	1.0
4965	en-us	1.0
2573	eng	1.0
8068	eng	1.0
2352	eng	1.0
1423	eng	1.0
1589	eng	1.0
4131	eng	1.0
3918	en-us	1.0
1535	en-us	1.0
5343	eng	1.0
6113	en-us	1.0
3182	eng	1.0
5441	eng	1.0
5480	en-us	1.0
6505	en-us	1.0
2524	en-us	1.0
1999	eng	1.0
2367	eng	1.0
4645	eng	1.0
1569	eng	1.0
3907	eng	1.0
1584	eng	1.0
2578	en-us	1.0
6385	eng	1.0
5500	eng	1.0
2786	eng	1.0
3739	en-us	1.0
2197	en-us	1.0
3127	eng	1.0
1887	eng	1.0
1631	eng	1.0
2097	ger	1.0
2095	en-us	1.0
2252	eng	1.0
5237	en-us	1.0
2643	en-us	1.0
2302	eng	1.0
2568	en-us	1.0
3047	eng	1.0
4187	en-us	1.0
3128	eng	1.0
5089	eng	1.0
9172	eng	1.0
5932	eng	1.0
4672	eng	1.0
3400	eng	1.0
6334	en-us	1.0
1605	eng	1.0
8519	eng	1.0
2869	eng	1.0
2339	eng	1.0
2854	eng	1.0
2967	en-us	1.0
3264	en-us	1.0
4508	eng	1.0
4251	eng	1.0
4192	en-us	1.0
4584	eng	1.0
2534	eng	1.0
7002	en-us	1.0
1626	eng	1.0
1896	eng	1.0
8980	eng	1.0
1745	en-us	1.0
2798	eng	1.0
2478	eng	1.0
4592	eng	1.0
3364	eng	1.0
8735	en-us	1.0
5693	en-us	1.0
4435	eng	1.0
3794	eng	1.0
7630	eng	1.0
5827	eng	1.0
8449	en-us	1.0
2084	eng	1.0
2351	en-us	1.0
4183	eng	1.0
5189	eng	1.0
3543	en-us	1.0
8930	en-us	1.0
3479	en-us	1.0
5283	eng	1.0
8675	en-us	1.0
2950	eng	1.0
1485	en-us	1.0
2802	eng	1.0
5324	eng	1.0
1889	en-gb	1.0
2657	en-us	1.0
3803	eng	1.0
6696	eng	1.0
2732	eng	1.0
3505	eng	1.0
5175	en-us	1.0
3414	eng	1.0
1863	en-us	1.0
4399	en-us	1.0
2342	eng	1.0
4071	en-us	1.0
1960	eng	1.0
6916	eng	1.0
2787	eng	1.0
4412	en-gb	1.0
9158	eng	1.0
5558	eng	1.0
7633	en-us	1.0
3162	eng	1.0
7996	eng	1.0
7976	eng	1.0
1617	eng	1.0
7761	eng	1.0
7289	eng	1.0
5639	en-us	1.0
9155	eng	1.0
6148	en-us	1.0
5642	eng	1.0
1515	eng	1.0
1848	eng	1.0
8829	eng	1.0
6564	eng	1.0
2566	en-us	1.0
8196	en-us	1.0
8397	eng	1.0
8051	eng	1.0
4370	en-us	1.0
7950	en-us	1.0
4885	eng	1.0
3367	eng	1.0
3218	eng	1.0
4112	eng	1.0
6404	eng	1.0
5152	eng	1.0
4535	eng	1.0
3318	en-us	1.0
7342	en-us	1.0
1441	eng	1.0
2523	eng	1.0
9509	eng	1.0
3100	eng	1.0
3304	eng	1.0
3439	eng	1.0
2306	en-us	1.0
5006	eng	1.0
9011	en-us	1.0
4649	eng	1.0
3662	eng	1.0
3936	en-us	1.0
1875	eng	1.0
2992	eng	1.0
6350	en-us	1.0
4177	en-us	1.0
2343	eng	1.0
6796	eng	1.0
2715	eng	1.0
2264	eng	1.0
5539	eng	1.0
2115	en-us	1.0
3024	en-us	1.0
3124	en-us	1.0
3025	en-us	1.0
6102	eng	1.0
7631	eng	1.0
4871	en-us	1.0
6267	en-us	1.0
5748	en-us	1.0
1884	en-us	1.0
5119	en-us	1.0
2479	eng	1.0
5991	eng	1.0
5151	eng	1.0
8577	en-us	1.0
9988	eng	1.0
4691	en-us	1.0
9984	eng	1.0
3063	eng	1.0
8167	en-us	1.0
2661	en-us	1.0
6066	en-us	1.0
3038	eng	1.0
3547	eng	1.0
4722	eng	1.0
8343	en-us	1.0
8416	en-gb	1.0
9189	en-gb	1.0
9885	en-us	1.0
7879	en-gb	1.0
7304	en-us	1.0
7895	eng	1.0
5311	eng	1.0
4345	eng	1.0
2925	en-us	1.0
3946	eng	1.0
4099	en-gb	1.0
1913	eng	1.0
8348	en-us	1.0
3751	en-us	1.0
1703	eng	1.0
7480	eng	1.0
6967	eng	1.0
5060	eng	1.0
8923	eng	1.0
2882	eng	1.0
8469	eng	1.0
3640	en-gb	1.0
4924	eng	1.0
3088	eng	1.0
6043	eng	1.0
9819	eng	1.0
5292	eng	1.0
4129	eng	1.0
7466	eng	1.0
1414	en-us	1.0
3098	eng	1.0
4048	eng	1.0
2096	eng	1.0
7677	en-us	1.0
6626	eng	1.0
4218	en-us	1.0
3604	eng	1.0
2090	en-us	1.0
2605	eng	1.0
7263	eng	1.0
2117	eng	1.0
1404	en-ca	1.0
3572	eng	1.0
4944	eng	1.0
5088	eng	1.0
1610	eng	1.0
6417	eng	1.0
4746	eng	1.0
6128	eng	1.0
1991	eng	1.0
9965	eng	1.0
6758	eng	1.0
2119	eng	1.0
5688	eng	1.0
2852	eng	1.0
2203	en-us	1.0
7098	eng	1.0
3806	eng	1.0
1849	eng	1.0
3783	en-us	1.0
4268	eng	1.0
7978	en-us	1.0
7809	eng	1.0
2639	eng	1.0
8140	en-us	1.0
8729	eng	1.0
5103	eng	1.0
6718	en-gb	1.0
2889	en-us	1.0
6654	eng	1.0
5562	eng	1.0
9834	eng	1.0
5703	eng	1.0
2606	eng	1.0
5823	eng	1.0
3752	spa	1.0
3798	eng	1.0
2101	eng	1.0
4070	en-us	1.0
6121	eng	1.0
5348	eng	1.0
3148	en-us	1.0
4575	en-us	1.0
8011	eng	1.0
1700	eng	1.0
5247	eng	1.0
2413	en-us	1.0
9766	eng	1.0
5149	eng	1.0
7137	eng	1.0
8716	eng	1.0
9240	eng	1.0
8185	eng	1.0
8317	eng	1.0
2281	eng	1.0
1920	eng	1.0
2933	eng	1.0
5890	en-us	1.0
1835	eng	1.0
9711	en-us	1.0
4118	eng	1.0
5026	eng	1.0
8777	en-us	1.0
9274	en-us	1.0
2995	eng	1.0
7675	en-us	1.0
2330	en-gb	1.0
5719	eng	1.0
4525	eng	1.0
6064	eng	1.0
3136	en-gb	1.0
3766	en-us	1.0
4863	eng	1.0
7826	eng	1.0
2962	eng	1.0
1437	eng	1.0
3243	en-us	1.0
3618	eng	1.0
5258	en-us	1.0
4119	eng	1.0
2234	eng	1.0
6865	en-us	1.0
8360	en-us	1.0
8900	eng	1.0
3586	en-us	1.0
8037	eng	1.0
3475	en-us	1.0
3419	eng	1.0
8100	en-us	1.0
3558	eng	1.0
8842	en-us	1.0
1512	eng	1.0
3135	eng	1.0
2204	eng	1.0
1995	eng	1.0
3773	eng	1.0
8759	eng	1.0
2145	eng	1.0
9850	eng	1.0
2650	en-us	1.0
6948	eng	1.0
7185	eng	1.0
6515	eng	1.0
1893	eng	1.0
3633	eng	1.0
2576	eng	1.0
9105	eng	1.0
3516	eng	1.0
1776	eng	1.0
5371	eng	1.0
7247	en-gb	1.0
9633	eng	1.0
4216	en-ca	1.0
1674	eng	1.0
3299	en-gb	1.0
8565	eng	1.0
4229	eng	1.0
4864	en-us	1.0
8474	eng	1.0
8349	en-us	1.0
6907	eng	1.0
6870	eng	1.0
2008	eng	1.0
3523	en-gb	1.0
6688	en-us	1.0
4077	en-gb	1.0
3621	en-us	1.0
1482	eng	1.0
4467	eng	1.0
8311	eng	1.0
7022	fre	1.0
6309	eng	1.0
1513	eng	1.0
1473	eng	1.0
5870	eng	1.0
4120	eng	1.0
1768	eng	1.0
2554	eng	1.0
2034	eng	1.0
3883	en-us	1.0
3754	en-us	1.0
3072	eng	1.0
2491	eng	1.0
1817	spa	1.0
5201	eng	1.0
7624	eng	1.0
4130	eng	1.0
2821	eng	1.0
1503	eng	1.0
5072	eng	1.0
2674	eng	1.0
1976	en-us	1.0
9737	eng	1.0
2458	en-us	1.0
1525	en-us	1.0
1880	eng	1.0
6744	en-us	1.0
2445	en-us	1.0
2761	eng	1.0
3524	eng	1.0
8018	en-us	1.0
9890	eng	1.0
5676	eng	1.0
9447	eng	1.0
5030	en-us	1.0
1677	en-us	1.0
9299	eng	1.0
1627	eng	1.0
1821	en-us	1.0
2229	en-us	1.0
1970	eng	1.0
2781	en-us	1.0
9661	eng	1.0
7236	eng	1.0
3250	en-us	1.0
1681	eng	1.0
5306	en-us	1.0
1469	eng	1.0
4392	eng	1.0
1809	en-us	1.0
3296	eng	1.0
8843	en-us	1.0
1582	eng	1.0
4504	eng	1.0
1910	eng	1.0
3764	eng	1.0
3106	eng	1.0
2931	en-us	1.0
2885	eng	1.0
6636	eng	1.0
3501	eng	1.0
8111	eng	1.0
1763	eng	1.0
2398	en-us	1.0
3948	eng	1.0
2976	eng	1.0
1781	eng	1.0
1774	en-us	1.0
1975	en-us	1.0
2347	eng	1.0
4740	en-us	1.0
3641	en-gb	1.0
3581	eng	1.0
2810	en-us	1.0
1570	en-us	1.0
2298	eng	1.0
2315	eng	1.0
3451	en-us	1.0
4517	eng	1.0
6777	eng	1.0
1574	eng	1.0
5254	en-us	1.0
1796	en-us	1.0
2124	eng	1.0
3156	eng	1.0
2965	en-us	1.0
1762	eng	1.0
4383	eng	1.0
1492	eng	1.0
6772	per	1.0
1895	eng	1.0
6283	eng	1.0
2824	en-us	1.0
2903	en-gb	1.0
8906	eng	1.0
6311	eng	1.0
8399	eng	1.0
2195	eng	1.0
2499	eng	1.0
1764	en-us	1.0
2620	eng	1.0
1971	en-us	1.0
2722	eng	1.0
2181	en-ca	1.0
1548	eng	1.0
1742	eng	1.0
3864	eng	1.0
2873	en-us	1.0
1630	en-us	1.0
6600	eng	1.0
1968	eng	1.0
2064	eng	1.0
3456	eng	1.0
2296	en-gb	1.0
7338	eng	1.0
5116	eng	1.0
9784	eng	1.0
2555	eng	1.0
9588	eng	1.0
2471	eng	1.0
3584	eng	1.0
5166	en-us	1.0
2382	eng	1.0
3410	en-us	1.0
4753	eng	1.0
3028	eng	1.0
2297	eng	1.0
4149	eng	1.0
3459	eng	1.0
4537	eng	1.0
8525	en-us	1.0
8386	en-us	1.0
2357	en-ca	1.0
5482	en-us	1.0
1458	eng	1.0
7714	en-us	1.0
8412	eng	1.0
3497	eng	1.0
5684	eng	1.0
2287	en-us	1.0
1685	en-us	1.0
3921	eng	1.0
2490	eng	1.0
1953	eng	1.0
6302	eng	1.0
3537	eng	1.0
3003	eng	1.0
2593	eng	1.0
2134	en-us	1.0
6610	en-us	1.0
5815	eng	1.0
2853	en-us	1.0
1532	en-us	1.0
6745	eng	1.0
1946	en-us	1.0
3792	eng	1.0
2337	eng	1.0
4716	eng	1.0
2251	en-us	1.0
4820	eng	1.0
2844	eng	1.0
5540	eng	1.0
6063	eng	1.0
4423	eng	1.0
5801	eng	1.0
4124	eng	1.0
5014	en-us	1.0
9892	eng	1.0
3144	en-us	1.0
8542	eng	1.0
4066	eng	1.0
6585	en-us	1.0
3431	en-us	1.0
9676	eng	1.0
3744	en-us	1.0
5365	eng	1.0
5952	eng	1.0
9592	eng	1.0
4171	eng	1.0
6096	eng	1.0
6539	en-us	1.0
2263	eng	1.0
1427	en-us	1.0
5182	en-us	1.0
9587	en-us	1.0
6752	en-us	1.0
6264	en-gb	1.0
4898	eng	1.0
7095	en-us	1.0
6627	en-us	1.0
1712	eng	1.0
2211	eng	1.0
7910	eng	1.0
5765	eng	1.0
7946	eng	1.0
1832	eng	1.0
4455	eng	1.0
7370	eng	1.0
4429	eng	1.0
5636	en-us	1.0
5989	eng	1.0
4877	eng	1.0
2864	eng	1.0
4039	en-us	1.0
1478	eng	1.0
4434	en-us	1.0
4567	eng	1.0
4419	eng	1.0
1639	eng	1.0
5967	en-us	1.0
3830	en-us	1.0
2807	en-us	1.0
5759	en-us	1.0
3814	eng	1.0
4827	en-us	1.0
3151	eng	1.0
3575	eng	1.0
2446	en-us	1.0
6427	eng	1.0
6003	eng	1.0
2695	en-us	1.0
5224	en-us	1.0
2507	eng	1.0
3427	eng	1.0
2754	eng	1.0
4501	en-gb	1.0
4204	en-us	1.0
2526	eng	1.0
4159	eng	1.0
1602	eng	1.0
2720	en-us	1.0
4748	eng	1.0
1930	eng	1.0
7538	eng	1.0
2409	en-us	1.0
8257	en-us	1.0
1632	eng	1.0
6760	eng	1.0
6389	eng	1.0
8109	eng	1.0
3485	eng	1.0
2579	en-us	1.0
2494	eng	1.0
2076	eng	1.0
1955	eng	1.0
5846	eng	1.0
1496	eng	1.0
9991	eng	1.0
1494	eng	1.0
2780	eng	1.0
4657	en-us	1.0
4909	eng	1.0
9239	en-us	1.0
7878	eng	1.0
2291	en-us	1.0
5541	en-us	1.0
3663	eng	1.0
5194	eng	1.0
5402	eng	1.0
9855	en-us	1.0
4777	eng	1.0
1698	eng	1.0
7079	eng	1.0
5908	en-us	1.0
2708	eng	1.0
4390	eng	1.0
7249	eng	1.0
2836	en-us	1.0
5134	eng	1.0
1911	eng	1.0
6906	en-us	1.0
3336	eng	1.0
3326	eng	1.0
3687	en-us	1.0
3463	eng	1.0
1868	eng	1.0
2198	en-us	1.0
5158	en-us	1.0
3170	en-us	1.0
2183	en-us	1.0
1791	en-us	1.0
6306	eng	1.0
1507	eng	1.0
2294	eng	1.0
4519	eng	1.0
7541	en-us	1.0
1841	eng	1.0
4892	eng	1.0
6059	eng	1.0
9744	en-us	1.0
3906	eng	1.0
3166	eng	1.0
2224	eng	1.0
2303	eng	1.0
8790	en-us	1.0
3220	eng	1.0
9621	en-us	1.0
5199	en-us	1.0
4688	eng	1.0
1654	en-us	1.0
2546	eng	1.0
9600	eng	1.0
8719	eng	1.0
5626	eng	1.0
1931	eng	1.0
7562	eng	1.0
4058	eng	1.0
3282	eng	1.0
6465	en-us	1.0
4167	eng	1.0
5444	en-us	1.0
6036	eng	1.0
6908	eng	1.0
3655	eng	1.0
2916	en-us	1.0
3469	eng	1.0
4570	en-us	1.0
6903	eng	1.0
2751	eng	1.0
4349	eng	1.0
4799	eng	1.0
8401	eng	1.0
8445	eng	1.0
1542	eng	1.0
1528	eng	1.0
3652	eng	1.0
6541	eng	1.0
2140	eng	1.0
5049	eng	1.0
6769	eng	1.0
6933	eng	1.0
9142	eng	1.0
6455	eng	1.0
3520	eng	1.0
5491	eng	1.0
3080	eng	1.0
9139	eng	1.0
3507	eng	1.0
1894	eng	1.0
8087	eng	1.0
3845	eng	1.0
7961	en-us	1.0
7825	en-us	1.0
2972	en-us	1.0
7438	eng	1.0
3042	eng	1.0
1559	eng	1.0
4406	eng	1.0
4004	eng	1.0
6316	eng	1.0
3351	eng	1.0
5785	eng	1.0
1839	en-us	1.0
7186	eng	1.0
6666	eng	1.0
6082	eng	1.0
4295	en-gb	1.0
2156	en-us	1.0
5972	eng	1.0
3535	en-us	1.0
1601	eng	1.0
2946	eng	1.0
9202	eng	1.0
7279	eng	1.0
9021	eng	1.0
5389	eng	1.0
7032	fre	1.0
7802	eng	1.0
2567	eng	1.0
2563	eng	1.0
2611	eng	1.0
4654	eng	1.0
7017	en-us	1.0
7654	eng	1.0
2244	eng	1.0
9808	eng	1.0
9619	eng	1.0
9380	eng	1.0
1721	eng	1.0
2180	en-us	1.0
1799	en-us	1.0
2557	en-us	1.0
3421	eng	1.0
3527	en-us	1.0
2876	eng	1.0
4411	en-us	1.0
1926	en-us	1.0
4856	eng	1.0
6252	eng	1.0
4652	eng	1.0
2040	eng	1.0
2437	eng	1.0
4241	eng	1.0
3980	eng	1.0
6100	eng	1.0
6067	eng	1.0
1773	en-us	1.0
6416	eng	1.0
6456	eng	1.0
3401	eng	1.0
4085	en-us	1.0
1403	en-us	1.0
1728	eng	1.0
2395	en-us	1.0
1472	eng	1.0
5161	eng	1.0
1794	eng	1.0
1508	eng	1.0
3709	eng	1.0
6259	eng	1.0
4041	eng	1.0
5663	eng	1.0
8824	en-us	1.0
3241	eng	1.0
2955	eng	1.0
4738	eng	1.0
3594	eng	1.0
2123	eng	1.0
3534	eng	1.0
3200	eng	1.0
3359	eng	1.0
2936	en-us	1.0
1704	en-us	1.0
2045	eng	1.0
4228	eng	1.0
5879	eng	1.0
7014	eng	1.0
3869	eng	1.0
1727	en-us	1.0
6284	eng	1.0
6029	eng	1.0
9132	en-us	1.0
5439	eng	1.0
2923	en-us	1.0
5310	en-us	1.0
1802	eng	1.0
4800	eng	1.0
3393	en-us	1.0
7464	en-us	1.0
7578	eng	1.0
5957	en-us	1.0
1825	eng	1.0
2270	eng	1.0
1533	en-us	1.0
3646	eng	1.0
3837	eng	1.0
3595	en-us	1.0
6665	en-us	1.0
4795	en-us	1.0
2513	eng	1.0
2155	en-us	1.0
3636	eng	1.0
2004	eng	1.0
3614	en-us	1.0
4632	en-us	1.0
3455	eng	1.0
1573	eng	1.0
1748	en-us	1.0
1694	en-us	1.0
2860	en-us	1.0
8856	eng	1.0
3425	ger	1.0
1561	eng	1.0
4733	eng	1.0
6126	eng	1.0
1411	eng	1.0
1486	eng	1.0
2199	en-us	1.0
1691	eng	1.0
3916	eng	1.0
2259	en-us	1.0
2172	eng	1.0
7592	eng	1.0
1464	en-us	1.0
3126	en-us	1.0
5437	eng	1.0
7169	eng	1.0
8703	en-us	1.0
2927	en-us	1.0
1537	eng	1.0
2047	en-us	1.0
2406	en-us	1.0
9647	en-gb	1.0
2981	eng	1.0
2072	en-us	1.0
2632	eng	1.0
1806	eng	1.0
3634	eng	1.0
7652	eng	1.0
2062	eng	1.0
7597	eng	1.0
2314	en-us	1.0
2621	en-ca	1.0
4222	eng	1.0
3076	eng	1.0
1800	spa	1.0
4103	eng	1.0
1675	en-us	1.0
2740	en-us	1.0
5751	en-us	1.0
2021	eng	1.0
3219	eng	1.0
9761	eng	1.0
2600	eng	1.0
1827	en-gb	1.0
1481	en-gb	1.0
3340	eng	1.0
2982	eng	1.0
1554	eng	1.0
1397	en-us	1.0
2098	eng	1.0
2182	en-us	1.0
2038	en-us	1.0
2394	en-us	1.0
7401	eng	1.0
2074	eng	1.0
1394	en-us	1.0
1829	en-us	1.0
3933	en-us	1.0
2979	eng	1.0
3205	eng	1.0
4250	eng	1.0
2128	en-us	1.0
3772	eng	1.0
2612	en-us	1.0
7260	en-us	1.0
9860	eng	1.0
4273	eng	1.0
7800	en-us	1.0
1862	eng	1.0
2640	en-us	1.0
5367	en-us	1.0
2487	eng	1.0
2007	eng	1.0
5777	eng	1.0
3504	eng	1.0
2959	eng	1.0
1857	eng	1.0
6401	en-us	1.0
2911	eng	1.0
1945	eng	1.0
3611	eng	1.0
6580	en-us	1.0
1560	eng	1.0
5084	eng	1.0
4232	eng	1.0
1662	eng	1.0
4854	eng	1.0
7429	eng	1.0
3717	eng	1.0
5231	eng	1.0
2701	en-us	1.0
7986	eng	1.0
3824	eng	1.0
7328	eng	1.0
7150	eng	1.0
3277	eng	1.0
4959	eng	1.0
2121	en-us	1.0
1870	en-us	1.0
2429	eng	1.0
2354	eng	1.0
3940	en-us	1.0
3058	eng	1.0
3829	eng	1.0
3476	eng	1.0
3831	en-us	1.0
1576	en-us	1.0
9360	eng	1.0
8371	eng	1.0
9147	eng	1.0
7047	eng	1.0
3929	eng	1.0
4304	en-us	1.0
3782	eng	1.0
8195	eng	1.0
5717	en-us	1.0
4588	eng	1.0
5418	eng	1.0
2668	eng	1.0
9616	en-us	1.0
6935	en-us	1.0
4028	en-us	1.0
6263	en-us	1.0
8478	eng	1.0
5568	eng	1.0
4214	eng	1.0
3102	eng	1.0
6632	en-us	1.0
4844	en-us	1.0
6658	en-us	1.0
8266	en-us	1.0
7313	eng	1.0
9888	eng	1.0
3610	en-us	1.0
9767	eng	1.0
3279	eng	1.0
3886	en-us	1.0
6458	en-us	1.0
9901	eng	1.0
2005	eng	1.0
3724	eng	1.0
5106	eng	1.0
7620	en-us	1.0
4585	eng	1.0
2030	en-gb	1.0
3817	eng	1.0
7647	eng	1.0
4967	en-us	1.0
3309	eng	1.0
5728	eng	1.0
6582	eng	1.0
7055	eng	1.0
3416	eng	1.0
2177	eng	1.0
2014	eng	1.0
7645	eng	1.0
6514	eng	1.0
3094	eng	1.0
1635	eng	1.0
3375	eng	1.0
1815	eng	1.0
1864	eng	1.0
3625	en-us	1.0
7106	en-us	1.0
8334	eng	1.0
4363	eng	1.0
9716	en-us	1.0
3369	eng	1.0
1583	en-us	1.0
1732	eng	1.0
8057	eng	1.0
4417	en-us	1.0
5680	eng	1.0
3823	en-us	1.0
7558	en-us	1.0
9058	eng	1.0
3159	eng	1.0
6181	eng	1.0
9038	en-us	1.0
3420	eng	1.0
5772	en-us	1.0
1506	eng	1.0
6287	en-us	1.0
1416	en-us	1.0
2971	eng	1.0
3970	en-us	1.0
4874	eng	1.0
5398	eng	1.0
5993	eng	1.0
1680	eng	1.0
8016	eng	1.0
1753	eng	1.0
3788	en-us	1.0
4756	eng	1.0
4140	en-us	1.0
4586	eng	1.0
6425	eng	1.0
9119	eng	1.0
5336	eng	1.0
8210	en-us	1.0
6863	eng	1.0
5057	en-us	1.0
2550	en-us	1.0
7204	eng	1.0
1517	eng	1.0
4211	eng	1.0
3323	eng	1.0
2514	eng	1.0
3060	eng	1.0
6561	en-us	1.0
3109	eng	1.0
2175	eng	1.0
3488	eng	1.0
3179	eng	1.0
6628	eng	1.0
3712	eng	1.0
6670	en-gb	1.0
3259	eng	1.0
1888	en-us	1.0
9215	eng	1.0
8881	eng	1.0
4995	en-us	1.0
2423	en-us	1.0
5911	eng	1.0
8894	en-us	1.0
3052	en-us	1.0
3350	en-us	1.0
6279	eng	1.0
3195	en-us	1.0
2616	eng	1.0
2441	eng	1.0
9043	eng	1.0
9985	eng	1.0
3404	eng	1.0
2697	en-us	1.0
6377	eng	1.0
3705	eng	1.0
3870	eng	1.0
1634	eng	1.0
8212	eng	1.0
3938	en-us	1.0
7253	eng	1.0
5168	en-us	1.0
3668	eng	1.0
4328	eng	1.0
6942	eng	1.0
3947	en-us	1.0
8963	eng	1.0
7099	eng	1.0
5081	eng	1.0
3896	en-us	1.0
5404	eng	1.0
8440	eng	1.0
7333	eng	1.0
3974	eng	1.0
7075	eng	1.0
2648	eng	1.0
4511	eng	1.0
7513	eng	1.0
8470	en-us	1.0
9483	en-gb	1.0
9191	en-us	1.0
5672	eng	1.0
7383	en-us	1.0
4724	eng	1.0
1529	eng	1.0
1903	eng	1.0
7139	en-us	1.0
2067	eng	1.0
3292	eng	1.0
8585	eng	1.0
4415	jpn	1.0
3696	en-us	1.0
3999	en-us	1.0
7115	eng	1.0
1879	eng	1.0
7345	eng	1.0
6615	eng	1.0
5334	eng	1.0
4072	eng	1.0
5275	en-us	1.0
5616	eng	1.0
2888	eng	1.0
2904	eng	1.0
2832	eng	1.0
6767	eng	1.0
5656	eng	1.0
8335	eng	1.0
9938	eng	1.0
2320	eng	1.0
1615	eng	1.0
6366	eng	1.0
5202	eng	1.0
4163	eng	1.0
5067	eng	1.0
5960	en-us	1.0
1708	en-us	1.0
9611	eng	1.0
2515	en-us	1.0
6748	eng	1.0
2327	eng	1.0
7010	eng	1.0
3015	eng	1.0
3017	eng	1.0
2665	eng	1.0
5063	eng	1.0
6127	eng	1.0
6286	eng	1.0
5555	eng	1.0
2178	eng	1.0
6122	eng	1.0
5790	en-us	1.0
9109	eng	1.0
2963	en-us	1.0
3140	en-us	1.0
3392	eng	1.0
8637	en-us	1.0
8726	eng	1.0
9963	en-us	1.0
2859	en-us	1.0
1962	en-us	1.0
5969	eng	1.0
3132	eng	1.0
4638	en-us	1.0
2254	eng	1.0
2290	eng	1.0
3545	eng	1.0
1952	eng	1.0
1538	eng	1.0
2615	eng	1.0
4568	eng	1.0
7605	eng	1.0
8305	eng	1.0
7811	eng	1.0
1483	eng	1.0
8979	eng	1.0
5926	en-us	1.0
